left_000001_rgb.png,0.0
left_000002_rgb.png,0.0
left_000003_rgb.png,0.0
left_000004_rgb.png,0.0
left_000005_rgb.png,0.0
left_000006_rgb.png,0.0
left_000007_rgb.png,0.0
left_000008_rgb.png,0.0
left_000009_rgb.png,0.0
left_000010_rgb.png,0.0
left_000011_rgb.png,0.0
left_000012_rgb.png,0.0
left_000013_rgb.png,0.0
left_000014_rgb.png,0.0
left_000015_rgb.png,0.0
left_000016_rgb.png,0.0
left_000017_rgb.png,0.0
left_000018_rgb.png,0.0
left_000019_rgb.png,0.0
left_000020_rgb.png,0.0
left_000021_rgb.png,0.0
left_000022_rgb.png,0.0
left_000023_rgb.png,1.0
left_000024_rgb.png,1.0
left_000025_rgb.png,1.0
left_000026_rgb.png,1.0
left_000027_rgb.png,1.0
left_000028_rgb.png,0.5
left_000028_rgb.png,0.0
left_000029_rgb.png,0.5
left_000029_rgb.png,0.0
left_000030_rgb.png,0.5
left_000030_rgb.png,0.0
left_000031_rgb.png,0.5
left_000031_rgb.png,0.0
left_000032_rgb.png,0.5
left_000032_rgb.png,0.0
left_000033_rgb.png,0.5
left_000033_rgb.png,0.0
left_000034_rgb.png,0.5
left_000034_rgb.png,0.0
left_000035_rgb.png,0.5
left_000035_rgb.png,0.0
left_000036_rgb.png,0.5
left_000036_rgb.png,0.0
left_000037_rgb.png,0.5
left_000037_rgb.png,0.0
left_000038_rgb.png,0.5
left_000038_rgb.png,0.0
left_000039_rgb.png,0.0
left_000040_rgb.png,0.0
left_000041_rgb.png,0.0
left_000042_rgb.png,0.0
left_000043_rgb.png,0.0
left_000044_rgb.png,0.0
left_000045_rgb.png,0.0
left_000046_rgb.png,0.0
left_000047_rgb.png,0.0
left_000048_rgb.png,0.0
left_000049_rgb.png,0.0
left_000050_rgb.png,0.0
left_000051_rgb.png,0.0
left_000052_rgb.png,0.0
left_000053_rgb.png,0.0
left_000054_rgb.png,0.0
left_000055_rgb.png,0.0
left_000056_rgb.png,0.0
left_000057_rgb.png,0.0
left_000058_rgb.png,0.0
left_000059_rgb.png,0.0
left_000060_rgb.png,0.0
left_000061_rgb.png,0.0
left_000062_rgb.png,0.0
left_000063_rgb.png,0.0
left_000064_rgb.png,0.0
left_000065_rgb.png,0.0
left_000066_rgb.png,0.0
left_000067_rgb.png,0.0
left_000068_rgb.png,0.0
left_000069_rgb.png,0.0
left_000070_rgb.png,0.0
left_000071_rgb.png,0.0
left_000072_rgb.png,0.0
left_000073_rgb.png,0.0
left_000074_rgb.png,0.0
left_000075_rgb.png,0.0
left_000076_rgb.png,0.0
left_000077_rgb.png,0.0
left_000078_rgb.png,0.0
left_000079_rgb.png,0.0
left_000080_rgb.png,0.0
left_000081_rgb.png,0.0
left_000082_rgb.png,0.0
left_000083_rgb.png,0.0
left_000084_rgb.png,0.0
left_000085_rgb.png,0.0
left_000086_rgb.png,0.0
left_000087_rgb.png,0.0
left_000088_rgb.png,0.0
left_000089_rgb.png,0.0
left_000090_rgb.png,0.0
left_000091_rgb.png,0.0
left_000092_rgb.png,0.0
left_000093_rgb.png,0.0
left_000094_rgb.png,0.0
left_000095_rgb.png,0.0
left_000096_rgb.png,0.0
left_000097_rgb.png,0.0
left_000098_rgb.png,0.0
left_000099_rgb.png,0.0
left_000100_rgb.png,0.0
left_000101_rgb.png,0.0
left_000102_rgb.png,0.0
left_000103_rgb.png,0.0
left_000104_rgb.png,0.0
left_000105_rgb.png,0.0
left_000106_rgb.png,0.0
left_000107_rgb.png,0.0
left_000108_rgb.png,0.0
left_000109_rgb.png,0.0
left_000110_rgb.png,0.0
left_000111_rgb.png,0.0
left_000112_rgb.png,0.0
left_000113_rgb.png,0.0
left_000114_rgb.png,0.0
left_000115_rgb.png,0.0
left_000116_rgb.png,0.0
left_000117_rgb.png,0.0
left_000118_rgb.png,0.0
left_000119_rgb.png,0.0
left_000120_rgb.png,0.0
left_000121_rgb.png,0.0
left_000122_rgb.png,0.0
left_000123_rgb.png,0.0
left_000124_rgb.png,0.0
left_000125_rgb.png,0.0
left_000126_rgb.png,0.0
left_000127_rgb.png,0.0
left_000128_rgb.png,0.0
left_000129_rgb.png,0.0
left_000130_rgb.png,0.0
left_000131_rgb.png,0.0
left_000132_rgb.png,0.0
left_000133_rgb.png,0.0
left_000134_rgb.png,0.0
left_000135_rgb.png,0.0
left_000136_rgb.png,0.0
left_000137_rgb.png,0.0
left_000138_rgb.png,0.0
left_000139_rgb.png,0.0
left_000140_rgb.png,0.0
left_000141_rgb.png,0.0
left_000142_rgb.png,0.0
left_000143_rgb.png,0.0
left_000144_rgb.png,0.0
left_000145_rgb.png,0.0
left_000146_rgb.png,0.0
left_000147_rgb.png,0.0
left_000148_rgb.png,0.0
left_000149_rgb.png,0.0
left_000150_rgb.png,0.0
left_000151_rgb.png,0.0
left_000152_rgb.png,0.0
left_000153_rgb.png,0.0
left_000154_rgb.png,0.0
left_000155_rgb.png,0.0
left_000156_rgb.png,0.0
left_000157_rgb.png,0.0
left_000158_rgb.png,0.0
left_000159_rgb.png,0.0
left_000160_rgb.png,0.0
left_000161_rgb.png,0.0
left_000162_rgb.png,0.0
left_000163_rgb.png,0.0
left_000164_rgb.png,0.0
left_000165_rgb.png,0.0
left_000166_rgb.png,0.0
left_000167_rgb.png,0.0
left_000168_rgb.png,0.0
left_000169_rgb.png,0.0
left_000170_rgb.png,0.0
left_000171_rgb.png,0.0
left_000172_rgb.png,0.0
left_000173_rgb.png,0.0
left_000174_rgb.png,0.0
left_000175_rgb.png,0.0
left_000176_rgb.png,0.0
left_000177_rgb.png,0.0
left_000178_rgb.png,0.0
left_000179_rgb.png,0.0
left_000180_rgb.png,0.0
left_000181_rgb.png,0.0
left_000182_rgb.png,0.0
left_000183_rgb.png,0.0
left_000184_rgb.png,0.0
left_000185_rgb.png,0.0
left_000186_rgb.png,0.0
left_000187_rgb.png,0.0
left_000188_rgb.png,0.0
left_000189_rgb.png,0.0
left_000190_rgb.png,0.0
left_000191_rgb.png,0.0
left_000192_rgb.png,0.0
left_000193_rgb.png,0.0
left_000194_rgb.png,0.0
left_000195_rgb.png,0.0
left_000196_rgb.png,0.0
left_000197_rgb.png,1.0
left_000198_rgb.png,1.0
left_000199_rgb.png,1.0
left_000200_rgb.png,1.0
left_000201_rgb.png,1.0
left_000202_rgb.png,1.0
left_000203_rgb.png,1.0
left_000204_rgb.png,1.0
left_000205_rgb.png,1.0
left_000206_rgb.png,0.5
left_000206_rgb.png,0.0
left_000207_rgb.png,0.5
left_000207_rgb.png,0.0
left_000208_rgb.png,0.5
left_000208_rgb.png,0.0
left_000209_rgb.png,0.0
left_000210_rgb.png,0.0
left_000211_rgb.png,0.0
left_000212_rgb.png,0.0
left_000213_rgb.png,0.0
left_000214_rgb.png,0.0
left_000215_rgb.png,0.0
left_000216_rgb.png,0.0
left_000217_rgb.png,0.0
left_000218_rgb.png,0.0
left_000219_rgb.png,0.0
left_000220_rgb.png,0.0
left_000221_rgb.png,0.0
left_000222_rgb.png,0.0
left_000223_rgb.png,0.0
left_000224_rgb.png,0.0
left_000225_rgb.png,0.0
left_000226_rgb.png,0.0
left_000227_rgb.png,0.0
left_000228_rgb.png,0.0
left_000229_rgb.png,0.0
left_000230_rgb.png,0.0
left_000231_rgb.png,0.0
left_000232_rgb.png,0.0
left_000233_rgb.png,0.0
left_000234_rgb.png,0.0
left_000235_rgb.png,0.0
left_000236_rgb.png,0.0
left_000237_rgb.png,0.0
left_000238_rgb.png,0.0
left_000239_rgb.png,0.0
left_000240_rgb.png,0.0
left_000241_rgb.png,0.0
left_000242_rgb.png,0.0
left_000243_rgb.png,0.0
left_000244_rgb.png,0.0
left_000245_rgb.png,0.0
left_000246_rgb.png,0.0
left_000247_rgb.png,0.0
left_000248_rgb.png,0.0
left_000249_rgb.png,0.0
left_000250_rgb.png,0.0
left_000251_rgb.png,0.0
left_000252_rgb.png,0.0
left_000253_rgb.png,0.0
left_000254_rgb.png,0.0
left_000255_rgb.png,0.0
left_000256_rgb.png,0.0
left_000257_rgb.png,0.0
left_000258_rgb.png,0.0
left_000259_rgb.png,0.0
left_000260_rgb.png,0.0
left_000261_rgb.png,0.0
left_000262_rgb.png,0.0
left_000263_rgb.png,0.0
left_000264_rgb.png,0.0
left_000265_rgb.png,0.0
left_000266_rgb.png,0.0
left_000267_rgb.png,0.0
left_000268_rgb.png,0.0
left_000269_rgb.png,0.0
left_000270_rgb.png,0.0
left_000271_rgb.png,0.0
left_000272_rgb.png,0.0
left_000273_rgb.png,0.0
left_000274_rgb.png,0.0
left_000275_rgb.png,0.0
left_000276_rgb.png,0.0
left_000277_rgb.png,0.0
left_000278_rgb.png,0.0
left_000279_rgb.png,0.0
left_000280_rgb.png,0.0
left_000281_rgb.png,0.0
left_000282_rgb.png,0.0
left_000283_rgb.png,0.0
left_000284_rgb.png,0.0
left_000285_rgb.png,0.0
left_000286_rgb.png,0.0
left_000287_rgb.png,0.0
left_000288_rgb.png,0.0
left_000289_rgb.png,0.0
left_000290_rgb.png,0.0
left_000291_rgb.png,0.0
left_000292_rgb.png,0.0
left_000293_rgb.png,0.0
left_000294_rgb.png,0.0
left_000295_rgb.png,0.0
left_000296_rgb.png,0.0
left_000297_rgb.png,0.0
left_000298_rgb.png,0.0
left_000299_rgb.png,0.0
left_000300_rgb.png,0.0
left_000301_rgb.png,0.0
left_000302_rgb.png,0.0
left_000303_rgb.png,0.0
left_000304_rgb.png,0.0
left_000305_rgb.png,0.0
left_000306_rgb.png,0.0
left_000307_rgb.png,0.0
left_000308_rgb.png,0.0
left_000309_rgb.png,0.0
left_000310_rgb.png,0.0
left_000311_rgb.png,0.0
left_000312_rgb.png,0.0
left_000313_rgb.png,0.0
left_000314_rgb.png,0.0
left_000315_rgb.png,0.0
left_000316_rgb.png,0.0
left_000317_rgb.png,0.0
left_000318_rgb.png,0.0
left_000319_rgb.png,0.0
left_000320_rgb.png,0.0
left_000321_rgb.png,0.0
left_000322_rgb.png,0.0
left_000323_rgb.png,0.0
left_000324_rgb.png,0.0
left_000325_rgb.png,0.0
left_000326_rgb.png,0.0
left_000327_rgb.png,0.0
left_000328_rgb.png,0.0
left_000329_rgb.png,0.0
left_000330_rgb.png,0.0
left_000331_rgb.png,0.0
left_000332_rgb.png,0.0
left_000333_rgb.png,0.0
left_000334_rgb.png,0.0
left_000335_rgb.png,0.0
left_000336_rgb.png,0.0
left_000337_rgb.png,0.0
left_000338_rgb.png,0.0
left_000339_rgb.png,0.0
left_000340_rgb.png,0.0
left_000341_rgb.png,0.0
left_000342_rgb.png,0.0
left_000343_rgb.png,0.0
left_000344_rgb.png,0.0
left_000345_rgb.png,0.0
left_000346_rgb.png,0.0
left_000347_rgb.png,0.0
left_000348_rgb.png,0.0
left_000349_rgb.png,0.0
left_000350_rgb.png,0.0
left_000351_rgb.png,0.0
left_000352_rgb.png,0.0
left_000353_rgb.png,0.0
left_000354_rgb.png,0.0
left_000355_rgb.png,0.0
left_000356_rgb.png,0.0
left_000357_rgb.png,0.0
left_000358_rgb.png,0.0
left_000359_rgb.png,0.0
left_000360_rgb.png,0.0
left_000361_rgb.png,0.0
left_000362_rgb.png,0.0
left_000363_rgb.png,0.0
left_000364_rgb.png,0.0
left_000365_rgb.png,0.0
left_000366_rgb.png,0.0
left_000367_rgb.png,0.0
left_000368_rgb.png,0.0
left_000369_rgb.png,0.0
left_000370_rgb.png,0.0
left_000371_rgb.png,0.0
left_000372_rgb.png,0.0
left_000373_rgb.png,0.0
left_000374_rgb.png,0.0
left_000375_rgb.png,0.0
left_000376_rgb.png,0.0
left_000377_rgb.png,0.0
left_000378_rgb.png,0.0
left_000379_rgb.png,0.0
left_000380_rgb.png,0.0
left_000381_rgb.png,0.0
left_000382_rgb.png,0.0
left_000383_rgb.png,0.0
left_000384_rgb.png,0.0
left_000385_rgb.png,0.0
left_000386_rgb.png,0.0
left_000387_rgb.png,0.0
left_000388_rgb.png,0.0
left_000389_rgb.png,0.0
left_000390_rgb.png,0.0
left_000391_rgb.png,0.0
left_000392_rgb.png,0.0
left_000393_rgb.png,0.0
left_000394_rgb.png,0.0
left_000395_rgb.png,0.0
left_000396_rgb.png,0.0
left_000397_rgb.png,0.0
left_000398_rgb.png,0.0
left_000399_rgb.png,0.0
left_000400_rgb.png,0.0
left_000401_rgb.png,0.0
left_000402_rgb.png,0.0
left_000403_rgb.png,0.0
left_000404_rgb.png,0.0
left_000405_rgb.png,0.0
left_000406_rgb.png,0.0
left_000407_rgb.png,0.0
left_000408_rgb.png,0.0
left_000409_rgb.png,0.0
left_000410_rgb.png,0.0
left_000411_rgb.png,0.0
left_000412_rgb.png,0.0
left_000413_rgb.png,0.0
left_000414_rgb.png,0.0
left_000415_rgb.png,0.0
left_000416_rgb.png,0.0
left_000417_rgb.png,0.0
left_000418_rgb.png,0.0
left_000419_rgb.png,0.0
left_000420_rgb.png,0.0
left_000421_rgb.png,0.0
left_000422_rgb.png,0.0
left_000423_rgb.png,0.0
left_000424_rgb.png,0.0
left_000425_rgb.png,0.0
left_000426_rgb.png,0.0
left_000427_rgb.png,0.0
left_000428_rgb.png,0.0
left_000429_rgb.png,0.0
left_000430_rgb.png,0.0
left_000431_rgb.png,0.0
left_000432_rgb.png,0.0
left_000433_rgb.png,0.0
left_000434_rgb.png,0.0
left_000435_rgb.png,0.0
left_000436_rgb.png,0.0
left_000437_rgb.png,0.0
left_000438_rgb.png,0.0
left_000439_rgb.png,0.0
left_000440_rgb.png,0.0
left_000441_rgb.png,0.0
left_000442_rgb.png,0.0
left_000443_rgb.png,0.0
left_000444_rgb.png,0.0
left_000445_rgb.png,0.0
left_000446_rgb.png,0.0
left_000447_rgb.png,0.0
left_000448_rgb.png,0.0
left_000449_rgb.png,0.0
left_000450_rgb.png,0.0
left_000451_rgb.png,0.0
left_000452_rgb.png,0.0
left_000453_rgb.png,0.0
left_000454_rgb.png,0.0
left_000455_rgb.png,0.0
left_000456_rgb.png,0.0
left_000457_rgb.png,0.0
left_000458_rgb.png,0.0
left_000459_rgb.png,0.0
left_000460_rgb.png,0.0
left_000461_rgb.png,0.0
left_000462_rgb.png,0.0
left_000463_rgb.png,0.0
left_000464_rgb.png,0.0
left_000465_rgb.png,0.0
left_000466_rgb.png,0.0
left_000467_rgb.png,0.0
left_000468_rgb.png,0.0
left_000469_rgb.png,0.0
left_000470_rgb.png,0.0
left_000471_rgb.png,0.0
left_000472_rgb.png,0.0
left_000473_rgb.png,0.0
left_000474_rgb.png,0.0
left_000475_rgb.png,0.0
left_000476_rgb.png,0.0
left_000477_rgb.png,0.0
left_000478_rgb.png,0.0
left_000479_rgb.png,0.0
left_000480_rgb.png,0.0
left_000481_rgb.png,0.0
left_000482_rgb.png,0.0
left_000483_rgb.png,0.0
left_000484_rgb.png,0.0
left_000485_rgb.png,0.0
left_000486_rgb.png,0.0
left_000487_rgb.png,0.0
left_000488_rgb.png,0.0
left_000489_rgb.png,0.0
left_000490_rgb.png,0.0
left_000491_rgb.png,0.0
left_000492_rgb.png,0.0
left_000493_rgb.png,0.0
left_000494_rgb.png,0.0
left_000495_rgb.png,0.0
left_000496_rgb.png,0.0
left_000497_rgb.png,0.0
left_000498_rgb.png,0.0
left_000499_rgb.png,0.0
left_000500_rgb.png,0.0
left_000501_rgb.png,0.0
left_000502_rgb.png,0.0
left_000503_rgb.png,0.0
left_000504_rgb.png,0.0
left_000505_rgb.png,0.0
left_000506_rgb.png,0.0
left_000507_rgb.png,0.0
left_000508_rgb.png,0.0
left_000509_rgb.png,0.0
left_000510_rgb.png,0.0
left_000511_rgb.png,0.0
left_000512_rgb.png,0.0
left_000513_rgb.png,0.0
left_000514_rgb.png,0.0
left_000515_rgb.png,0.0
left_000516_rgb.png,0.0
left_000517_rgb.png,0.0
left_000518_rgb.png,0.0
left_000519_rgb.png,0.0
left_000520_rgb.png,0.0
left_000521_rgb.png,1.0
left_000522_rgb.png,1.0
left_000523_rgb.png,1.0
left_000524_rgb.png,1.0
left_000525_rgb.png,0.0
left_000526_rgb.png,0.0
left_000527_rgb.png,0.0
left_000528_rgb.png,0.0
left_000529_rgb.png,0.0
left_000530_rgb.png,0.0
left_000531_rgb.png,0.0
left_000532_rgb.png,0.0
left_000533_rgb.png,1.0
left_000534_rgb.png,1.0
left_000535_rgb.png,1.0
left_000536_rgb.png,0.5
left_000536_rgb.png,0.0
left_000537_rgb.png,0.0
left_000538_rgb.png,0.0
left_000539_rgb.png,0.0
left_000540_rgb.png,0.0
left_000541_rgb.png,0.0
left_000542_rgb.png,0.0
left_000543_rgb.png,0.0
left_000544_rgb.png,0.0
left_000545_rgb.png,0.0
left_000546_rgb.png,0.0
left_000547_rgb.png,0.0
left_000548_rgb.png,0.0
left_000549_rgb.png,0.0
left_000550_rgb.png,0.0
left_000551_rgb.png,0.0
left_000552_rgb.png,0.0
left_000553_rgb.png,0.0
left_000554_rgb.png,0.0
left_000555_rgb.png,0.0
left_000556_rgb.png,0.0
left_000557_rgb.png,0.0
left_000558_rgb.png,0.0
left_000559_rgb.png,0.0
left_000560_rgb.png,0.0
left_000561_rgb.png,0.0
left_000562_rgb.png,0.0
left_000563_rgb.png,0.0
left_000564_rgb.png,0.0
left_000565_rgb.png,0.0
left_000566_rgb.png,0.0
left_000567_rgb.png,0.0
left_000568_rgb.png,0.0
left_000569_rgb.png,0.0
left_000570_rgb.png,0.0
left_000571_rgb.png,0.0
left_000572_rgb.png,0.0
left_000573_rgb.png,0.0
left_000574_rgb.png,0.0
left_000575_rgb.png,0.0
left_000576_rgb.png,0.0
left_000577_rgb.png,0.0
left_000578_rgb.png,0.0
left_000579_rgb.png,0.0
left_000580_rgb.png,0.0
left_000581_rgb.png,0.0
left_000582_rgb.png,0.0
left_000583_rgb.png,0.0
left_000584_rgb.png,0.0
left_000585_rgb.png,0.0
left_000586_rgb.png,0.0
left_000587_rgb.png,0.0
left_000588_rgb.png,0.0
left_000589_rgb.png,0.0
left_000590_rgb.png,0.0
left_000591_rgb.png,0.0
left_000592_rgb.png,0.0
left_000593_rgb.png,0.0
left_000594_rgb.png,0.0
left_000595_rgb.png,0.0
left_000596_rgb.png,0.0
left_000597_rgb.png,0.0
left_000598_rgb.png,0.0
left_000599_rgb.png,0.0
left_000600_rgb.png,0.0
left_000601_rgb.png,0.0
left_000602_rgb.png,0.0
left_000603_rgb.png,0.0
left_000604_rgb.png,0.0
left_000605_rgb.png,0.0
left_000606_rgb.png,0.0
left_000607_rgb.png,0.0
left_000608_rgb.png,0.0
left_000609_rgb.png,0.0
left_000610_rgb.png,0.0
left_000611_rgb.png,0.0
left_000612_rgb.png,0.0
left_000613_rgb.png,0.0
left_000614_rgb.png,0.0
left_000615_rgb.png,0.0
left_000616_rgb.png,0.0
left_000617_rgb.png,0.0
left_000618_rgb.png,0.0
left_000619_rgb.png,0.0
left_000620_rgb.png,0.0
left_000621_rgb.png,0.0
left_000622_rgb.png,0.0
left_000623_rgb.png,0.0
left_000624_rgb.png,0.0
left_000625_rgb.png,0.0
left_000626_rgb.png,0.0
left_000627_rgb.png,0.0
left_000628_rgb.png,0.0
left_000629_rgb.png,0.0
left_000630_rgb.png,0.0
left_000631_rgb.png,0.0
left_000632_rgb.png,0.0
left_000633_rgb.png,0.0
left_000634_rgb.png,0.0
left_000635_rgb.png,0.0
left_000636_rgb.png,0.0
left_000637_rgb.png,0.0
left_000638_rgb.png,0.0
left_000639_rgb.png,0.0
left_000640_rgb.png,0.0
left_000641_rgb.png,0.0
left_000642_rgb.png,0.0
left_000643_rgb.png,0.0
left_000644_rgb.png,0.0
left_000645_rgb.png,0.0
left_000646_rgb.png,0.0
left_000647_rgb.png,0.0
left_000648_rgb.png,0.0
left_000649_rgb.png,0.0
left_000650_rgb.png,0.0
left_000651_rgb.png,0.0
left_000652_rgb.png,0.0
left_000653_rgb.png,0.0
left_000654_rgb.png,0.0
left_000655_rgb.png,0.0
left_000656_rgb.png,0.0
left_000657_rgb.png,0.0
left_000658_rgb.png,0.0
left_000659_rgb.png,0.0
left_000660_rgb.png,0.0
left_000661_rgb.png,0.0
left_000662_rgb.png,0.0
left_000663_rgb.png,0.0
left_000664_rgb.png,0.0
left_000665_rgb.png,0.0
left_000666_rgb.png,0.0
left_000667_rgb.png,0.0
left_000668_rgb.png,0.0
left_000669_rgb.png,0.0
left_000670_rgb.png,0.0
left_000671_rgb.png,0.0
left_000672_rgb.png,0.0
left_000673_rgb.png,0.0
left_000674_rgb.png,0.0
left_000675_rgb.png,0.0
left_000676_rgb.png,0.0
left_000677_rgb.png,0.0
left_000678_rgb.png,0.0
left_000679_rgb.png,0.0
left_000680_rgb.png,0.5
left_000680_rgb.png,0.0
left_000681_rgb.png,0.5
left_000681_rgb.png,0.0
left_000682_rgb.png,0.5
left_000682_rgb.png,0.0
left_000683_rgb.png,0.5
left_000683_rgb.png,0.0
left_000684_rgb.png,0.5
left_000684_rgb.png,0.0
left_000685_rgb.png,0.5
left_000685_rgb.png,0.0
left_000686_rgb.png,0.5
left_000686_rgb.png,0.0
left_000687_rgb.png,0.5
left_000687_rgb.png,0.0
left_000688_rgb.png,0.5
left_000688_rgb.png,0.0
left_000689_rgb.png,0.5
left_000689_rgb.png,0.0
left_000690_rgb.png,0.5
left_000690_rgb.png,0.0
left_000691_rgb.png,0.5
left_000691_rgb.png,0.0
left_000692_rgb.png,0.5
left_000692_rgb.png,0.0
left_000693_rgb.png,0.5
left_000693_rgb.png,0.0
left_000694_rgb.png,0.5
left_000694_rgb.png,0.0
left_000695_rgb.png,0.5
left_000695_rgb.png,0.0
left_000696_rgb.png,0.5
left_000696_rgb.png,0.0
left_000697_rgb.png,0.0
left_000698_rgb.png,0.0
left_000699_rgb.png,0.0
left_000700_rgb.png,0.0
left_000701_rgb.png,0.0
left_000702_rgb.png,0.0
left_000703_rgb.png,0.0
left_000704_rgb.png,0.0
left_000705_rgb.png,0.0
left_000706_rgb.png,0.0
left_000707_rgb.png,0.0
left_000708_rgb.png,0.0
left_000709_rgb.png,0.0
left_000710_rgb.png,0.0
left_000711_rgb.png,0.0
left_000712_rgb.png,0.0
left_000713_rgb.png,0.0
left_000714_rgb.png,0.0
left_000715_rgb.png,0.0
left_000716_rgb.png,0.0
left_000717_rgb.png,0.0
left_000718_rgb.png,0.0
left_000719_rgb.png,0.0
left_000720_rgb.png,0.0
left_000721_rgb.png,0.0
left_000722_rgb.png,0.0
left_000723_rgb.png,0.0
left_000724_rgb.png,0.0
left_000725_rgb.png,0.0
left_000726_rgb.png,0.0
left_000727_rgb.png,0.0
left_000728_rgb.png,0.0
left_000729_rgb.png,0.0
left_000730_rgb.png,0.0
left_000731_rgb.png,0.0
left_000732_rgb.png,0.0
left_000733_rgb.png,0.0
left_000734_rgb.png,1.0
left_000735_rgb.png,1.0
left_000736_rgb.png,1.0
left_000737_rgb.png,1.0
left_000738_rgb.png,1.0
left_000739_rgb.png,1.0
left_000740_rgb.png,1.0
left_000741_rgb.png,1.0
left_000742_rgb.png,1.0
left_000743_rgb.png,1.0
left_000744_rgb.png,0.0
left_000745_rgb.png,0.0
left_000746_rgb.png,0.0
left_000747_rgb.png,0.0
left_000748_rgb.png,0.0
left_000749_rgb.png,0.0
left_000750_rgb.png,0.0
left_000751_rgb.png,0.0
left_000752_rgb.png,0.0
left_000753_rgb.png,0.0
left_000754_rgb.png,0.0
left_000755_rgb.png,0.0
left_000756_rgb.png,0.0
left_000757_rgb.png,0.0
left_000758_rgb.png,0.0
left_000759_rgb.png,0.0
left_000760_rgb.png,0.0
left_000761_rgb.png,0.0
left_000762_rgb.png,0.0
left_000763_rgb.png,0.0
left_000764_rgb.png,0.0
left_000765_rgb.png,0.0
left_000766_rgb.png,0.0
left_000767_rgb.png,0.0
left_000768_rgb.png,0.0
left_000769_rgb.png,0.0
left_000770_rgb.png,0.0
left_000771_rgb.png,0.0
left_000772_rgb.png,0.0
left_000773_rgb.png,0.0
left_000774_rgb.png,0.0
left_000775_rgb.png,0.0
left_000776_rgb.png,0.0
left_000777_rgb.png,0.0
left_000778_rgb.png,0.0
left_000779_rgb.png,0.0
left_000780_rgb.png,0.0
left_000781_rgb.png,0.0
left_000782_rgb.png,0.0
left_000783_rgb.png,0.0
left_000784_rgb.png,0.0
left_000785_rgb.png,0.0
left_000786_rgb.png,0.0
left_000787_rgb.png,0.0
left_000788_rgb.png,0.0
left_000789_rgb.png,0.0
left_000790_rgb.png,0.0
left_000791_rgb.png,0.0
left_000792_rgb.png,0.0
left_000793_rgb.png,0.0
left_000794_rgb.png,0.0
left_000795_rgb.png,0.0
left_000796_rgb.png,0.0
left_000797_rgb.png,0.0
left_000798_rgb.png,0.0
left_000799_rgb.png,0.0
left_000800_rgb.png,0.0
left_000801_rgb.png,0.0
left_000802_rgb.png,0.0
left_000803_rgb.png,0.0
left_000804_rgb.png,0.0
left_000805_rgb.png,0.0
left_000806_rgb.png,0.0
left_000807_rgb.png,0.0
left_000808_rgb.png,0.0
left_000809_rgb.png,0.0
left_000810_rgb.png,0.0
left_000811_rgb.png,0.0
left_000812_rgb.png,0.0
left_000813_rgb.png,0.0
left_000814_rgb.png,0.0
left_000815_rgb.png,0.0
left_000816_rgb.png,0.0
left_000817_rgb.png,0.0
left_000818_rgb.png,0.0
left_000819_rgb.png,0.0
left_000820_rgb.png,0.0
left_000821_rgb.png,0.0
left_000822_rgb.png,0.0
left_000823_rgb.png,0.0
left_000824_rgb.png,0.0
left_000825_rgb.png,0.0
left_000826_rgb.png,0.0
left_000827_rgb.png,0.0
left_000828_rgb.png,0.0
left_000829_rgb.png,0.0
left_000830_rgb.png,0.0
left_000831_rgb.png,0.0
left_000832_rgb.png,0.0
left_000833_rgb.png,0.0
left_000834_rgb.png,0.0
left_000835_rgb.png,0.0
left_000836_rgb.png,0.0
left_000837_rgb.png,0.0
left_000838_rgb.png,0.0
left_000839_rgb.png,0.0
left_000840_rgb.png,0.0
left_000841_rgb.png,0.0
left_000842_rgb.png,0.0
left_000843_rgb.png,0.0
left_000844_rgb.png,0.0
left_000845_rgb.png,0.0
left_000846_rgb.png,0.0
left_000847_rgb.png,0.0
left_000848_rgb.png,0.0
left_000849_rgb.png,0.0
left_000850_rgb.png,0.0
left_000851_rgb.png,0.0
left_000852_rgb.png,0.0
left_000853_rgb.png,0.0
left_000854_rgb.png,0.0
left_000855_rgb.png,0.0
left_000856_rgb.png,0.0
left_000857_rgb.png,0.0
left_000858_rgb.png,0.0
left_000859_rgb.png,0.0
left_000860_rgb.png,0.0
left_000861_rgb.png,0.0
left_000862_rgb.png,0.0
left_000863_rgb.png,0.0
left_000864_rgb.png,0.0
left_000865_rgb.png,0.0
left_000866_rgb.png,0.0
left_000867_rgb.png,0.0
left_000868_rgb.png,0.0
left_000869_rgb.png,0.0
left_000870_rgb.png,0.0
left_000871_rgb.png,0.0
left_000872_rgb.png,0.0
left_000873_rgb.png,0.0
left_000874_rgb.png,0.0
left_000875_rgb.png,0.0
left_000876_rgb.png,0.0
left_000877_rgb.png,0.0
left_000878_rgb.png,0.0
left_000879_rgb.png,0.0
left_000880_rgb.png,0.0
left_000881_rgb.png,0.0
left_000882_rgb.png,0.0
left_000883_rgb.png,0.0
left_000884_rgb.png,0.0
left_000885_rgb.png,0.0
left_000886_rgb.png,0.0
left_000887_rgb.png,0.0
left_000888_rgb.png,0.0
left_000889_rgb.png,0.0
left_000890_rgb.png,0.0
left_000891_rgb.png,0.0
left_000892_rgb.png,0.0
left_000893_rgb.png,0.0
left_000894_rgb.png,0.0
left_000895_rgb.png,0.0
left_000896_rgb.png,0.0
left_000897_rgb.png,0.0
left_000898_rgb.png,0.0
left_000899_rgb.png,0.0
left_000900_rgb.png,0.0
left_000901_rgb.png,0.0
left_000902_rgb.png,0.0
left_000903_rgb.png,0.0
left_000904_rgb.png,0.0
left_000905_rgb.png,0.0
left_000906_rgb.png,0.0
left_000907_rgb.png,0.0
left_000908_rgb.png,0.0
left_000909_rgb.png,0.0
left_000910_rgb.png,0.0
left_000911_rgb.png,0.0
left_000912_rgb.png,0.0
left_000913_rgb.png,0.0
left_000914_rgb.png,0.0
left_000915_rgb.png,0.0
left_000916_rgb.png,0.0
left_000917_rgb.png,0.0
left_000918_rgb.png,0.0
left_000919_rgb.png,0.0
left_000920_rgb.png,0.0
left_000921_rgb.png,0.0
left_000922_rgb.png,0.0
left_000923_rgb.png,0.0
left_000924_rgb.png,0.0
left_000925_rgb.png,0.0
left_000926_rgb.png,0.0
left_000927_rgb.png,0.0
left_000928_rgb.png,0.0
left_000929_rgb.png,0.0
left_000930_rgb.png,0.0
left_000931_rgb.png,0.0
left_000932_rgb.png,0.5
left_000932_rgb.png,0.0
left_000933_rgb.png,0.5
left_000933_rgb.png,0.0
left_000934_rgb.png,0.5
left_000934_rgb.png,0.0
left_000935_rgb.png,0.5
left_000935_rgb.png,0.0
left_000936_rgb.png,0.5
left_000936_rgb.png,0.0
left_000937_rgb.png,0.5
left_000937_rgb.png,0.0
left_000938_rgb.png,0.5
left_000938_rgb.png,0.0
left_000939_rgb.png,0.5
left_000939_rgb.png,0.0
left_000940_rgb.png,0.5
left_000940_rgb.png,0.0
left_000941_rgb.png,0.5
left_000941_rgb.png,0.0
left_000942_rgb.png,0.5
left_000942_rgb.png,0.0
left_000943_rgb.png,0.5
left_000943_rgb.png,0.0
left_000944_rgb.png,0.5
left_000944_rgb.png,0.0
left_000945_rgb.png,0.5
left_000945_rgb.png,0.0
left_000946_rgb.png,0.5
left_000946_rgb.png,0.0
left_000947_rgb.png,0.5
left_000947_rgb.png,0.0
left_000948_rgb.png,0.5
left_000948_rgb.png,0.0
left_000949_rgb.png,0.5
left_000949_rgb.png,0.0
left_000950_rgb.png,0.5
left_000950_rgb.png,0.0
left_000951_rgb.png,0.5
left_000951_rgb.png,0.0
left_000952_rgb.png,0.5
left_000952_rgb.png,0.0
left_000953_rgb.png,0.5
left_000953_rgb.png,0.0
left_000954_rgb.png,0.5
left_000954_rgb.png,0.0
left_000955_rgb.png,0.5
left_000955_rgb.png,0.0
left_000956_rgb.png,0.5
left_000956_rgb.png,0.0
left_000957_rgb.png,0.5
left_000957_rgb.png,0.0
left_000958_rgb.png,0.5
left_000958_rgb.png,0.0
left_000959_rgb.png,0.5
left_000959_rgb.png,0.0
left_000960_rgb.png,0.5
left_000960_rgb.png,0.0
left_000961_rgb.png,0.5
left_000961_rgb.png,0.0
left_000962_rgb.png,0.5
left_000962_rgb.png,0.0
left_000963_rgb.png,0.5
left_000963_rgb.png,0.0
left_000964_rgb.png,0.5
left_000964_rgb.png,0.0
left_000965_rgb.png,0.5
left_000965_rgb.png,0.0
left_000966_rgb.png,0.5
left_000966_rgb.png,0.0
left_000967_rgb.png,0.5
left_000967_rgb.png,0.0
left_000968_rgb.png,0.5
left_000968_rgb.png,0.0
left_000969_rgb.png,0.5
left_000969_rgb.png,0.0
left_000970_rgb.png,0.5
left_000970_rgb.png,0.0
left_000971_rgb.png,0.5
left_000971_rgb.png,0.0
left_000972_rgb.png,0.5
left_000972_rgb.png,0.0
left_000973_rgb.png,0.5
left_000973_rgb.png,0.0
left_000974_rgb.png,0.5
left_000974_rgb.png,0.0
left_000975_rgb.png,0.5
left_000975_rgb.png,0.0
left_000976_rgb.png,0.5
left_000976_rgb.png,0.0
left_000977_rgb.png,0.5
left_000977_rgb.png,0.0
left_000978_rgb.png,0.5
left_000978_rgb.png,0.0
left_000979_rgb.png,0.5
left_000979_rgb.png,0.0
left_000980_rgb.png,0.0
left_000981_rgb.png,0.0
left_000982_rgb.png,0.0
left_000983_rgb.png,0.0
left_000984_rgb.png,0.0
left_000985_rgb.png,0.0
left_000986_rgb.png,0.0
left_000987_rgb.png,0.0
left_000988_rgb.png,0.0
left_000989_rgb.png,0.0
left_000990_rgb.png,0.0
left_000991_rgb.png,0.0
left_000992_rgb.png,0.0
left_000993_rgb.png,0.0
left_000994_rgb.png,0.0
left_000995_rgb.png,0.0
left_000996_rgb.png,0.0
left_000997_rgb.png,0.0
left_000998_rgb.png,0.0
left_000999_rgb.png,0.0
left_001000_rgb.png,0.0
left_001001_rgb.png,0.0
left_001002_rgb.png,0.0
left_001003_rgb.png,0.0
left_001004_rgb.png,0.0
left_001005_rgb.png,0.0
left_001006_rgb.png,0.5
left_001006_rgb.png,0.0
left_001007_rgb.png,0.5
left_001007_rgb.png,0.0
left_001008_rgb.png,0.5
left_001008_rgb.png,0.0
left_001009_rgb.png,0.5
left_001009_rgb.png,0.0
left_001010_rgb.png,0.5
left_001010_rgb.png,0.0
left_001011_rgb.png,0.5
left_001011_rgb.png,0.0
left_001012_rgb.png,0.5
left_001012_rgb.png,0.0
left_001013_rgb.png,0.5
left_001013_rgb.png,0.0
left_001014_rgb.png,0.5
left_001014_rgb.png,0.0
left_001015_rgb.png,0.5
left_001015_rgb.png,0.0
left_001016_rgb.png,0.5
left_001016_rgb.png,0.0
left_001017_rgb.png,0.5
left_001017_rgb.png,0.0
left_001018_rgb.png,0.5
left_001018_rgb.png,0.0
left_001019_rgb.png,0.5
left_001019_rgb.png,0.0
left_001020_rgb.png,0.0
left_001021_rgb.png,0.0
left_001022_rgb.png,0.0
left_001023_rgb.png,0.5
left_001023_rgb.png,0.0
left_001024_rgb.png,0.5
left_001024_rgb.png,0.0
left_001025_rgb.png,0.5
left_001025_rgb.png,0.0
left_001026_rgb.png,0.5
left_001026_rgb.png,0.0
left_001027_rgb.png,0.5
left_001027_rgb.png,0.0
left_001028_rgb.png,0.5
left_001028_rgb.png,0.0
left_001029_rgb.png,0.5
left_001029_rgb.png,0.0
left_001030_rgb.png,0.5
left_001030_rgb.png,0.0
left_001031_rgb.png,0.5
left_001031_rgb.png,0.0
left_001032_rgb.png,0.5
left_001032_rgb.png,0.0
left_001033_rgb.png,0.5
left_001033_rgb.png,0.0
left_001034_rgb.png,0.5
left_001034_rgb.png,0.0
left_001035_rgb.png,0.0
left_001036_rgb.png,0.0
left_001037_rgb.png,0.0
left_001038_rgb.png,0.0
left_001039_rgb.png,0.0
left_001040_rgb.png,0.0
left_001041_rgb.png,0.0
left_001042_rgb.png,0.0
left_001043_rgb.png,0.0
left_001044_rgb.png,0.0
left_001045_rgb.png,0.0
left_001046_rgb.png,0.0
left_001047_rgb.png,0.0
left_001048_rgb.png,0.0
left_001049_rgb.png,0.0
left_001050_rgb.png,0.0
left_001051_rgb.png,0.0
left_001052_rgb.png,0.0
left_001053_rgb.png,0.0
left_001054_rgb.png,0.0
left_001055_rgb.png,0.0
left_001056_rgb.png,0.0
left_001057_rgb.png,0.0
left_001058_rgb.png,0.0
left_001059_rgb.png,0.0
left_001060_rgb.png,0.0
left_001061_rgb.png,0.0
left_001062_rgb.png,0.0
left_001063_rgb.png,0.0
left_001064_rgb.png,0.0
left_001065_rgb.png,0.0
left_001066_rgb.png,0.0
left_001067_rgb.png,0.0
left_001068_rgb.png,0.0
left_001069_rgb.png,0.0
left_001070_rgb.png,0.0
left_001071_rgb.png,0.0
left_001072_rgb.png,0.0
left_001073_rgb.png,0.0
left_001074_rgb.png,0.0
left_001075_rgb.png,0.0
left_001076_rgb.png,0.0
left_001077_rgb.png,0.0
left_001078_rgb.png,0.0
left_001079_rgb.png,0.0
left_001080_rgb.png,0.0
left_001081_rgb.png,0.0
left_001082_rgb.png,0.0
left_001083_rgb.png,0.0
left_001084_rgb.png,0.0
left_001085_rgb.png,0.0
left_001086_rgb.png,0.0
left_001087_rgb.png,0.0
left_001088_rgb.png,0.0
left_001089_rgb.png,0.0
left_001090_rgb.png,0.0
left_001091_rgb.png,0.0
left_001092_rgb.png,0.0
left_001093_rgb.png,0.0
left_001094_rgb.png,0.0
left_001095_rgb.png,0.0
left_001096_rgb.png,0.0
left_001097_rgb.png,0.0
left_001098_rgb.png,0.0
left_001099_rgb.png,0.0
left_001100_rgb.png,0.0
left_001101_rgb.png,0.0
left_001102_rgb.png,0.0
left_001103_rgb.png,0.0
left_001104_rgb.png,0.0
left_001105_rgb.png,0.0
left_001106_rgb.png,0.0
left_001107_rgb.png,0.0
left_001108_rgb.png,0.0
left_001109_rgb.png,0.0
left_001110_rgb.png,0.0
left_001111_rgb.png,0.0
left_001112_rgb.png,0.0
left_001113_rgb.png,0.0
left_001114_rgb.png,0.0
left_001115_rgb.png,0.0
left_001116_rgb.png,0.0
left_001117_rgb.png,0.0
left_001118_rgb.png,0.0
left_001119_rgb.png,0.0
left_001120_rgb.png,0.0
left_001121_rgb.png,0.0
left_001122_rgb.png,0.0
left_001123_rgb.png,0.0
left_001124_rgb.png,0.0
left_001125_rgb.png,0.0
left_001126_rgb.png,0.0
left_001127_rgb.png,0.0
left_001128_rgb.png,0.0
left_001129_rgb.png,0.0
left_001130_rgb.png,0.0
left_001131_rgb.png,0.5
left_001131_rgb.png,0.0
left_001132_rgb.png,1.0
left_001133_rgb.png,1.0
left_001134_rgb.png,1.0
left_001135_rgb.png,1.0
left_001136_rgb.png,1.0
left_001137_rgb.png,1.0
left_001138_rgb.png,1.0
left_001139_rgb.png,1.0
left_001140_rgb.png,1.0
left_001141_rgb.png,1.0
left_001142_rgb.png,1.0
left_001143_rgb.png,1.0
left_001144_rgb.png,0.5
left_001144_rgb.png,0.0
left_001145_rgb.png,0.5
left_001145_rgb.png,0.0
left_001146_rgb.png,0.5
left_001146_rgb.png,0.0
left_001147_rgb.png,0.5
left_001147_rgb.png,0.0
left_001148_rgb.png,0.5
left_001148_rgb.png,0.0
left_001149_rgb.png,0.5
left_001149_rgb.png,0.0
left_001150_rgb.png,0.5
left_001150_rgb.png,0.0
left_001151_rgb.png,0.5
left_001151_rgb.png,0.0
left_001152_rgb.png,0.5
left_001152_rgb.png,0.0
left_001153_rgb.png,0.0
left_001154_rgb.png,0.0
left_001155_rgb.png,0.0
left_001156_rgb.png,0.0
left_001157_rgb.png,0.0
left_001158_rgb.png,0.0
left_001159_rgb.png,0.0
left_001160_rgb.png,0.0
left_001161_rgb.png,0.0
left_001162_rgb.png,0.0
left_001163_rgb.png,0.0
left_001164_rgb.png,0.0
left_001165_rgb.png,0.0
left_001166_rgb.png,0.0
left_001167_rgb.png,0.0
left_001168_rgb.png,0.0
left_001169_rgb.png,0.0
left_001170_rgb.png,0.0
left_001171_rgb.png,0.0
left_001172_rgb.png,0.0
left_001173_rgb.png,0.0
left_001174_rgb.png,0.0
left_001175_rgb.png,0.0
left_001176_rgb.png,0.0
left_001177_rgb.png,0.0
left_001178_rgb.png,0.0
left_001179_rgb.png,0.0
left_001180_rgb.png,0.0
left_001181_rgb.png,0.0
left_001182_rgb.png,0.0
left_001183_rgb.png,0.0
left_001184_rgb.png,0.0
left_001185_rgb.png,0.0
left_001186_rgb.png,0.0
left_001187_rgb.png,0.0
left_001188_rgb.png,0.0
left_001189_rgb.png,0.0
left_001190_rgb.png,0.0
left_001191_rgb.png,0.0
left_001192_rgb.png,0.0
left_001193_rgb.png,0.0
left_001194_rgb.png,0.0
left_001195_rgb.png,0.0
left_001196_rgb.png,0.0
left_001197_rgb.png,0.0
left_001198_rgb.png,0.0
left_001199_rgb.png,0.0
left_001200_rgb.png,0.0
left_001201_rgb.png,0.0
left_001202_rgb.png,0.0
left_001203_rgb.png,0.0
left_001204_rgb.png,0.0
left_001205_rgb.png,0.0
left_001206_rgb.png,0.0
left_001207_rgb.png,0.0
left_001208_rgb.png,0.0
left_001209_rgb.png,0.0
left_001210_rgb.png,0.0
left_001211_rgb.png,0.0
left_001212_rgb.png,0.0
left_001213_rgb.png,0.0
left_001214_rgb.png,0.0
left_001215_rgb.png,0.0
left_001216_rgb.png,0.0
left_001217_rgb.png,0.0
left_001218_rgb.png,0.0
left_001219_rgb.png,0.0
left_001220_rgb.png,0.0
left_001221_rgb.png,0.0
left_001222_rgb.png,0.0
left_001223_rgb.png,0.0
left_001224_rgb.png,0.0
left_001225_rgb.png,0.0
left_001226_rgb.png,0.0
left_001227_rgb.png,0.0
left_001228_rgb.png,0.0
left_001229_rgb.png,0.0
left_001230_rgb.png,0.0
left_001231_rgb.png,0.0
left_001232_rgb.png,0.0
left_001233_rgb.png,0.0
left_001234_rgb.png,0.0
left_001235_rgb.png,0.0
left_001236_rgb.png,0.0
left_001237_rgb.png,0.0
left_001238_rgb.png,0.0
left_001239_rgb.png,0.0
left_001240_rgb.png,0.0
left_001241_rgb.png,0.0
left_001242_rgb.png,0.0
left_001243_rgb.png,0.0
left_001244_rgb.png,0.0
left_001245_rgb.png,0.0
left_001246_rgb.png,0.0
left_001247_rgb.png,0.0
left_001248_rgb.png,0.0
left_001249_rgb.png,0.0
left_001250_rgb.png,0.0
left_001251_rgb.png,0.0
left_001252_rgb.png,0.0
left_001253_rgb.png,0.0
left_001254_rgb.png,0.0
left_001255_rgb.png,0.0
left_001256_rgb.png,0.0
left_001257_rgb.png,0.0
left_001258_rgb.png,0.0
left_001259_rgb.png,0.0
left_001260_rgb.png,0.0
left_001261_rgb.png,0.0
left_001262_rgb.png,0.0
left_001263_rgb.png,0.0
left_001264_rgb.png,0.0
left_001265_rgb.png,0.0
left_001266_rgb.png,0.0
left_001267_rgb.png,0.0
left_001268_rgb.png,0.0
left_001269_rgb.png,0.0
left_001270_rgb.png,0.0
left_001271_rgb.png,0.0
left_001272_rgb.png,0.0
left_001273_rgb.png,0.0
left_001274_rgb.png,0.0
left_001275_rgb.png,0.0
left_001276_rgb.png,0.0
left_001277_rgb.png,0.0
left_001278_rgb.png,0.0
left_001279_rgb.png,0.0
left_001280_rgb.png,0.0
left_001281_rgb.png,0.0
left_001282_rgb.png,0.0
left_001283_rgb.png,0.0
left_001284_rgb.png,0.0
left_001285_rgb.png,0.0
left_001286_rgb.png,0.0
left_001287_rgb.png,0.0
left_001288_rgb.png,0.0
left_001289_rgb.png,0.0
left_001290_rgb.png,0.0
left_001291_rgb.png,0.0
left_001292_rgb.png,0.0
left_001293_rgb.png,0.0
left_001294_rgb.png,0.0
left_001295_rgb.png,0.0
left_001296_rgb.png,0.0
left_001297_rgb.png,0.0
left_001298_rgb.png,0.0
left_001299_rgb.png,0.0
left_001300_rgb.png,0.0
left_001301_rgb.png,0.0
left_001302_rgb.png,0.0
left_001303_rgb.png,0.0
left_001304_rgb.png,0.0
left_001305_rgb.png,0.0
left_001306_rgb.png,0.0
left_001307_rgb.png,0.0
left_001308_rgb.png,0.0
left_001309_rgb.png,0.0
left_001310_rgb.png,0.0
left_001311_rgb.png,0.0
left_001312_rgb.png,0.0
left_001313_rgb.png,0.0
left_001314_rgb.png,0.0
left_001315_rgb.png,0.0
left_001316_rgb.png,0.0
left_001317_rgb.png,0.0
left_001318_rgb.png,0.0
left_001319_rgb.png,0.0
left_001320_rgb.png,0.0
left_001321_rgb.png,0.0
left_001322_rgb.png,0.0
left_001323_rgb.png,0.0
left_001324_rgb.png,0.0
left_001325_rgb.png,0.0
left_001326_rgb.png,0.0
left_001327_rgb.png,0.0
left_001328_rgb.png,0.0
left_001329_rgb.png,0.0
left_001330_rgb.png,0.0
left_001331_rgb.png,0.0
left_001332_rgb.png,0.0
left_001333_rgb.png,0.0
left_001334_rgb.png,0.0
left_001335_rgb.png,0.0
left_001336_rgb.png,0.0
left_001337_rgb.png,0.0
left_001338_rgb.png,0.0
left_001339_rgb.png,0.0
left_001340_rgb.png,0.0
left_001341_rgb.png,0.0
left_001342_rgb.png,0.0
left_001343_rgb.png,0.0
left_001344_rgb.png,0.5
left_001344_rgb.png,0.0
left_001345_rgb.png,0.0
left_001346_rgb.png,0.0
left_001347_rgb.png,0.0
left_001348_rgb.png,0.0
left_001349_rgb.png,0.0
left_001350_rgb.png,0.0
left_001351_rgb.png,0.0
left_001352_rgb.png,0.0
left_001353_rgb.png,0.0
left_001354_rgb.png,0.0
left_001355_rgb.png,0.0
left_001356_rgb.png,0.0
left_001357_rgb.png,0.0
left_001358_rgb.png,0.0
left_001359_rgb.png,0.0
left_001360_rgb.png,0.0
left_001361_rgb.png,0.0
left_001362_rgb.png,0.0
left_001363_rgb.png,0.0
left_001364_rgb.png,0.0
left_001365_rgb.png,0.0
left_001366_rgb.png,0.0
left_001367_rgb.png,0.0
left_001368_rgb.png,0.0
left_001369_rgb.png,0.0
left_001370_rgb.png,0.0
left_001371_rgb.png,0.0
left_001372_rgb.png,0.0
left_001373_rgb.png,0.0
left_001374_rgb.png,0.0
left_001375_rgb.png,0.0
left_001376_rgb.png,0.0
left_001377_rgb.png,0.0
left_001378_rgb.png,0.0
left_001379_rgb.png,0.0
left_001380_rgb.png,0.0
left_001381_rgb.png,0.0
left_001382_rgb.png,0.0
left_001383_rgb.png,0.0
left_001384_rgb.png,0.0
left_001385_rgb.png,0.0
left_001386_rgb.png,0.0
left_001387_rgb.png,0.0
left_001388_rgb.png,0.0
left_001389_rgb.png,0.0
left_001390_rgb.png,0.5
left_001390_rgb.png,0.0
left_001391_rgb.png,0.0
left_001392_rgb.png,0.0
left_001393_rgb.png,0.0
left_001394_rgb.png,0.0
left_001395_rgb.png,0.0
left_001396_rgb.png,0.0
left_001397_rgb.png,0.0
left_001398_rgb.png,0.0
left_001399_rgb.png,0.5
left_001399_rgb.png,0.0
left_001400_rgb.png,0.0
left_001401_rgb.png,0.0
left_001402_rgb.png,0.0
left_001403_rgb.png,0.0
left_001404_rgb.png,0.0
left_001405_rgb.png,0.5
left_001405_rgb.png,0.0
left_001406_rgb.png,0.5
left_001406_rgb.png,0.0
left_001407_rgb.png,1.0
left_001408_rgb.png,1.0
left_001409_rgb.png,1.0
left_001410_rgb.png,1.0
left_001411_rgb.png,1.0
left_001412_rgb.png,1.0
left_001413_rgb.png,1.0
left_001414_rgb.png,1.0
left_001415_rgb.png,1.0
left_001416_rgb.png,1.0
left_001417_rgb.png,0.5
left_001417_rgb.png,1.0
left_001418_rgb.png,0.5
left_001418_rgb.png,1.0
left_001419_rgb.png,0.5
left_001419_rgb.png,0.0
left_001420_rgb.png,0.5
left_001420_rgb.png,0.0
left_001421_rgb.png,0.0
left_001422_rgb.png,0.0
left_001423_rgb.png,0.0
left_001424_rgb.png,0.0
left_001425_rgb.png,0.0
left_001426_rgb.png,0.0
left_001427_rgb.png,0.0
left_001428_rgb.png,0.0
left_001429_rgb.png,0.0
left_001430_rgb.png,0.0
left_001431_rgb.png,0.0
left_001432_rgb.png,0.0
left_001433_rgb.png,0.0
left_001434_rgb.png,0.0
left_001435_rgb.png,0.0
left_001436_rgb.png,0.0
left_001437_rgb.png,0.0
left_001438_rgb.png,0.0
left_001439_rgb.png,0.0
left_001440_rgb.png,0.0
left_001441_rgb.png,0.0
left_001442_rgb.png,0.0
left_001443_rgb.png,0.0
left_001444_rgb.png,0.0
left_001445_rgb.png,0.0
left_001446_rgb.png,0.0
left_001447_rgb.png,0.0
left_001448_rgb.png,0.0
left_001449_rgb.png,0.0
left_001450_rgb.png,0.0
left_001451_rgb.png,0.0
left_001452_rgb.png,0.0
left_001453_rgb.png,0.0
left_001454_rgb.png,0.0
left_001455_rgb.png,0.0
left_001456_rgb.png,0.0
left_001457_rgb.png,0.0
left_001458_rgb.png,0.0
left_001459_rgb.png,0.0
left_001460_rgb.png,0.0
left_001461_rgb.png,0.0
left_001462_rgb.png,0.0
left_001463_rgb.png,0.0
left_001464_rgb.png,0.0
left_001465_rgb.png,0.0
left_001466_rgb.png,0.0
left_001467_rgb.png,0.0
left_001468_rgb.png,0.0
left_001469_rgb.png,0.0
left_001470_rgb.png,0.0
left_001471_rgb.png,0.0
left_001472_rgb.png,0.0
left_001473_rgb.png,0.0
left_001474_rgb.png,0.0
left_001475_rgb.png,0.0
left_001476_rgb.png,0.0
left_001477_rgb.png,0.0
left_001478_rgb.png,0.0
left_001479_rgb.png,0.0
left_001480_rgb.png,0.0
left_001481_rgb.png,0.0
left_001482_rgb.png,0.0
left_001483_rgb.png,0.0
left_001484_rgb.png,0.0
left_001485_rgb.png,0.0
left_001486_rgb.png,0.0
left_001487_rgb.png,0.0
left_001488_rgb.png,0.0
left_001489_rgb.png,0.0
left_001490_rgb.png,0.0
left_001491_rgb.png,0.0
left_001492_rgb.png,0.0
left_001493_rgb.png,0.0
left_001494_rgb.png,0.0
left_001495_rgb.png,0.0
left_001496_rgb.png,0.0
left_001497_rgb.png,0.0
left_001498_rgb.png,0.0
left_001499_rgb.png,0.0
left_001500_rgb.png,0.0
left_001501_rgb.png,0.0
left_001502_rgb.png,0.0
left_001503_rgb.png,0.0
left_001504_rgb.png,0.0
left_001505_rgb.png,0.0
left_001506_rgb.png,0.0
left_001507_rgb.png,0.0
left_001508_rgb.png,0.0
left_001509_rgb.png,0.0
left_001510_rgb.png,0.0
left_001511_rgb.png,0.0
left_001512_rgb.png,0.0
left_001513_rgb.png,0.0
left_001514_rgb.png,0.0
left_001515_rgb.png,0.0
left_001516_rgb.png,0.0
left_001517_rgb.png,0.0
left_001518_rgb.png,0.0
left_001519_rgb.png,0.0
left_001520_rgb.png,0.0
left_001521_rgb.png,0.0
left_001522_rgb.png,0.0
left_001523_rgb.png,0.0
left_001524_rgb.png,0.0
left_001525_rgb.png,0.0
left_001526_rgb.png,0.0
left_001527_rgb.png,0.0
left_001528_rgb.png,0.0
left_001529_rgb.png,0.0
left_001530_rgb.png,0.0
left_001531_rgb.png,0.0
left_001532_rgb.png,0.0
left_001533_rgb.png,0.0
left_001534_rgb.png,0.0
left_001535_rgb.png,0.0
left_001536_rgb.png,0.0
left_001537_rgb.png,0.0
left_001538_rgb.png,0.0
left_001539_rgb.png,0.0
left_001540_rgb.png,0.0
left_001541_rgb.png,0.0
left_001542_rgb.png,0.0
left_001543_rgb.png,0.0
left_001544_rgb.png,0.0
left_001545_rgb.png,0.0
left_001546_rgb.png,0.0
left_001547_rgb.png,0.0
left_001548_rgb.png,0.0
left_001549_rgb.png,0.0
left_001550_rgb.png,0.0
left_001551_rgb.png,0.0
left_001552_rgb.png,0.0
left_001553_rgb.png,0.0
left_001554_rgb.png,0.0
left_001555_rgb.png,0.0
left_001556_rgb.png,0.0
left_001557_rgb.png,0.0
left_001558_rgb.png,0.0
left_001559_rgb.png,0.0
left_001560_rgb.png,0.0
left_001561_rgb.png,0.0
left_001562_rgb.png,0.0
left_001563_rgb.png,0.0
left_001564_rgb.png,0.0
left_001565_rgb.png,0.0
left_001566_rgb.png,0.0
left_001567_rgb.png,0.0
left_001568_rgb.png,0.0
left_001569_rgb.png,0.0
left_001570_rgb.png,0.0
left_001571_rgb.png,0.0
left_001572_rgb.png,0.0
left_001573_rgb.png,0.0
left_001574_rgb.png,0.0
left_001575_rgb.png,0.0
left_001576_rgb.png,0.0
left_001577_rgb.png,0.0
left_001578_rgb.png,0.0
left_001579_rgb.png,0.0
left_001580_rgb.png,0.0
left_001581_rgb.png,0.0
left_001582_rgb.png,0.0
left_001583_rgb.png,0.0
left_001584_rgb.png,0.0
left_001585_rgb.png,0.0
left_001586_rgb.png,0.0
left_001587_rgb.png,0.0
left_001588_rgb.png,0.0
left_001589_rgb.png,0.0
left_001590_rgb.png,0.0
left_001591_rgb.png,0.0
left_001592_rgb.png,0.0
left_001593_rgb.png,0.0
left_001594_rgb.png,0.0
left_001595_rgb.png,0.0
left_001596_rgb.png,0.0
left_001597_rgb.png,0.0
left_001598_rgb.png,0.0
left_001599_rgb.png,0.0
left_001600_rgb.png,0.0
left_001601_rgb.png,0.0
left_001602_rgb.png,0.0
left_001603_rgb.png,0.0
left_001604_rgb.png,0.0
left_001605_rgb.png,0.0
left_001606_rgb.png,0.0
left_001607_rgb.png,0.0
left_001608_rgb.png,0.0
left_001609_rgb.png,0.0
left_001610_rgb.png,0.0
left_001611_rgb.png,0.0
left_001612_rgb.png,0.0
left_001613_rgb.png,0.5
left_001613_rgb.png,0.0
left_001614_rgb.png,1.0
left_001615_rgb.png,1.0
left_001616_rgb.png,1.0
left_001617_rgb.png,1.0
left_001618_rgb.png,1.0
left_001619_rgb.png,1.0
left_001620_rgb.png,1.0
left_001621_rgb.png,1.0
left_001622_rgb.png,1.0
left_001623_rgb.png,0.5
left_001623_rgb.png,0.0
left_001624_rgb.png,0.5
left_001624_rgb.png,0.0
left_001625_rgb.png,0.5
left_001625_rgb.png,0.0
left_001626_rgb.png,0.5
left_001626_rgb.png,0.0
left_001627_rgb.png,0.0
left_001628_rgb.png,0.0
left_001629_rgb.png,0.0
left_001630_rgb.png,0.0
left_001631_rgb.png,0.0
left_001632_rgb.png,0.5
left_001632_rgb.png,0.0
left_001633_rgb.png,0.5
left_001633_rgb.png,0.0
left_001634_rgb.png,0.5
left_001634_rgb.png,0.0
left_001635_rgb.png,0.5
left_001635_rgb.png,0.0
left_001636_rgb.png,0.5
left_001636_rgb.png,0.0
left_001637_rgb.png,0.5
left_001637_rgb.png,0.0
left_001638_rgb.png,0.5
left_001638_rgb.png,0.0
left_001639_rgb.png,0.5
left_001639_rgb.png,0.0
left_001640_rgb.png,0.5
left_001640_rgb.png,0.0
left_001641_rgb.png,0.5
left_001641_rgb.png,0.0
left_001642_rgb.png,0.5
left_001642_rgb.png,0.0
left_001643_rgb.png,0.5
left_001643_rgb.png,0.0
left_001644_rgb.png,0.5
left_001644_rgb.png,0.0
left_001645_rgb.png,0.5
left_001645_rgb.png,0.0
left_001646_rgb.png,0.5
left_001646_rgb.png,0.0
left_001647_rgb.png,0.5
left_001647_rgb.png,0.0
left_001648_rgb.png,0.5
left_001648_rgb.png,0.0
left_001649_rgb.png,0.5
left_001649_rgb.png,0.0
left_001650_rgb.png,0.5
left_001650_rgb.png,0.0
left_001651_rgb.png,0.5
left_001651_rgb.png,0.0
left_001652_rgb.png,0.0
left_001653_rgb.png,0.0
left_001654_rgb.png,0.0
left_001655_rgb.png,0.0
left_001656_rgb.png,0.0
left_001657_rgb.png,0.0
left_001659_rgb.png,0.0
left_001668_rgb.png,0.0
left_001671_rgb.png,0.0
left_001676_rgb.png,0.0
left_001685_rgb.png,0.0
left_001723_rgb.png,0.0
left_001726_rgb.png,0.0
left_001771_rgb.png,0.0
left_001774_rgb.png,0.0
left_001781_rgb.png,0.0
left_001795_rgb.png,0.0
left_001805_rgb.png,0.0
left_001834_rgb.png,0.0
left_001836_rgb.png,0.0
left_001843_rgb.png,0.0
left_001866_rgb.png,0.0
left_001875_rgb.png,0.0
left_001878_rgb.png,0.0
left_001896_rgb.png,0.0
left_001928_rgb.png,0.0
left_001943_rgb.png,0.0
left_001947_rgb.png,0.0
left_001963_rgb.png,0.0
left_001971_rgb.png,0.0
left_002067_rgb.png,0.0
left_002083_rgb.png,0.0
left_002178_rgb.png,0.5
left_002178_rgb.png,0.0
left_002227_rgb.png,1.0
left_002231_rgb.png,0.5
left_002231_rgb.png,0.0
left_002233_rgb.png,0.5
left_002233_rgb.png,0.0
left_002239_rgb.png,0.0
left_002254_rgb.png,0.0
left_002255_rgb.png,0.0
left_002267_rgb.png,0.0
left_002274_rgb.png,0.0
left_002283_rgb.png,0.0
left_002284_rgb.png,0.0
left_002291_rgb.png,0.0
left_002297_rgb.png,0.0
left_002312_rgb.png,0.0
left_002318_rgb.png,0.0
left_002319_rgb.png,0.0
left_002329_rgb.png,0.0
left_002335_rgb.png,0.0
left_002341_rgb.png,0.0
left_002342_rgb.png,0.0
left_002343_rgb.png,0.0
left_002344_rgb.png,0.0
left_002346_rgb.png,0.0
left_002379_rgb.png,0.0
left_002382_rgb.png,0.0
left_002385_rgb.png,0.0
left_002386_rgb.png,0.0
left_002392_rgb.png,0.0
left_002393_rgb.png,0.0
left_002394_rgb.png,0.0
left_002405_rgb.png,0.0
left_002407_rgb.png,0.0
left_002409_rgb.png,0.0
left_002419_rgb.png,0.0
left_002432_rgb.png,0.0
left_002434_rgb.png,0.0
left_002439_rgb.png,0.0
left_002455_rgb.png,0.5
left_002455_rgb.png,0.0
left_002468_rgb.png,0.5
left_002468_rgb.png,0.0
left_002480_rgb.png,0.0
left_002499_rgb.png,0.0
left_002503_rgb.png,0.0
left_002505_rgb.png,0.0
left_002509_rgb.png,0.0
left_002511_rgb.png,0.0
left_002529_rgb.png,0.0
left_002536_rgb.png,0.0
left_002551_rgb.png,0.0
left_002564_rgb.png,0.0
left_002573_rgb.png,0.0
left_002574_rgb.png,0.0
left_002583_rgb.png,0.0
left_002591_rgb.png,0.0
left_002593_rgb.png,0.0
left_002604_rgb.png,0.0
left_002613_rgb.png,0.0
left_002621_rgb.png,0.0
left_002622_rgb.png,0.0
left_002626_rgb.png,0.0
left_002643_rgb.png,0.0
left_002649_rgb.png,0.0
left_002652_rgb.png,0.0
left_002653_rgb.png,0.0
left_002654_rgb.png,0.0
left_002656_rgb.png,0.0
left_002665_rgb.png,0.0
left_002673_rgb.png,0.0
left_002676_rgb.png,0.0
left_002696_rgb.png,0.0
left_002703_rgb.png,0.0
left_002708_rgb.png,0.0
left_002718_rgb.png,0.0
left_002724_rgb.png,0.0
left_002728_rgb.png,0.0
left_002736_rgb.png,0.0
left_002756_rgb.png,0.0
left_002770_rgb.png,0.0
left_002774_rgb.png,0.0
left_002776_rgb.png,0.0
left_002784_rgb.png,0.0
left_002789_rgb.png,0.0
left_002799_rgb.png,0.0
left_002801_rgb.png,0.0
left_002805_rgb.png,0.0
left_002808_rgb.png,0.0
left_002809_rgb.png,0.0
left_002822_rgb.png,0.0
left_002855_rgb.png,0.0
left_002857_rgb.png,0.0
left_002862_rgb.png,0.0
left_002869_rgb.png,0.0
left_002871_rgb.png,0.0
left_002872_rgb.png,0.0
left_002878_rgb.png,0.0
left_002880_rgb.png,0.0
left_002883_rgb.png,0.0
left_002887_rgb.png,0.0
left_002898_rgb.png,0.0
left_002899_rgb.png,0.0
left_002910_rgb.png,0.0
left_002913_rgb.png,0.0
left_002917_rgb.png,0.0
left_002918_rgb.png,0.0
left_002922_rgb.png,0.0
left_002924_rgb.png,0.0
left_002932_rgb.png,0.0
left_002939_rgb.png,0.0
left_002951_rgb.png,0.0
left_002956_rgb.png,0.0
left_002959_rgb.png,0.0
left_002963_rgb.png,0.0
left_002980_rgb.png,0.0
left_002981_rgb.png,0.0
left_002985_rgb.png,0.0
left_002988_rgb.png,0.5
left_002988_rgb.png,0.0
left_002989_rgb.png,0.5
left_002989_rgb.png,0.0
left_002994_rgb.png,0.5
left_002994_rgb.png,0.0
left_002995_rgb.png,0.5
left_002995_rgb.png,0.0
left_003004_rgb.png,0.5
left_003004_rgb.png,0.0
left_003009_rgb.png,0.5
left_003009_rgb.png,0.0
left_003010_rgb.png,0.5
left_003010_rgb.png,0.0
left_003039_rgb.png,0.5
left_003039_rgb.png,0.0
left_003041_rgb.png,0.0
left_003045_rgb.png,0.0
left_003047_rgb.png,0.0
left_003056_rgb.png,0.0
left_003057_rgb.png,0.0
left_003060_rgb.png,0.0
left_003068_rgb.png,0.0
left_003076_rgb.png,0.0
left_003083_rgb.png,0.0
left_003095_rgb.png,0.0
left_003097_rgb.png,0.0
left_003111_rgb.png,0.0
left_003123_rgb.png,0.0
left_003131_rgb.png,0.0
left_003134_rgb.png,0.0
left_003136_rgb.png,0.0
left_003137_rgb.png,0.0
left_003138_rgb.png,0.0
left_003139_rgb.png,0.0
left_003140_rgb.png,0.0
left_003155_rgb.png,0.0
left_003158_rgb.png,0.0
left_003166_rgb.png,0.0
left_003167_rgb.png,0.0
left_003172_rgb.png,0.0
left_003173_rgb.png,0.0
left_003174_rgb.png,0.0
left_003182_rgb.png,0.0
left_003190_rgb.png,0.0
left_003192_rgb.png,0.0
left_003213_rgb.png,0.0
left_003223_rgb.png,0.0
left_003225_rgb.png,0.0
left_003234_rgb.png,0.0
left_003242_rgb.png,0.0
left_003249_rgb.png,0.0
left_003268_rgb.png,0.0
left_003269_rgb.png,0.0
left_003290_rgb.png,0.0
left_003296_rgb.png,0.0
left_003297_rgb.png,0.0
left_003300_rgb.png,0.0
left_003303_rgb.png,0.0
left_003306_rgb.png,0.0
left_003311_rgb.png,0.0
left_003317_rgb.png,0.0
left_003324_rgb.png,0.0
left_003331_rgb.png,0.0
left_003351_rgb.png,0.0
left_003357_rgb.png,0.0
left_003366_rgb.png,0.0
left_003370_rgb.png,0.0
left_003372_rgb.png,0.0
left_003373_rgb.png,0.0
left_003385_rgb.png,0.0
left_003410_rgb.png,0.0
left_003415_rgb.png,0.0
left_003422_rgb.png,0.0
left_003424_rgb.png,0.0
left_003439_rgb.png,0.0
left_003459_rgb.png,0.0
left_003463_rgb.png,0.0
left_003467_rgb.png,0.0
left_003468_rgb.png,0.5
left_003468_rgb.png,0.0
left_003469_rgb.png,0.5
left_003469_rgb.png,0.0
left_003472_rgb.png,0.5
left_003472_rgb.png,0.0
left_003474_rgb.png,0.5
left_003474_rgb.png,0.0
left_003476_rgb.png,0.5
left_003476_rgb.png,0.0
left_003480_rgb.png,0.5
left_003480_rgb.png,0.0
left_003500_rgb.png,0.5
left_003500_rgb.png,0.0
left_003522_rgb.png,0.5
left_003522_rgb.png,0.0
left_003538_rgb.png,0.5
left_003538_rgb.png,0.0
left_003547_rgb.png,0.5
left_003547_rgb.png,0.0
left_003552_rgb.png,0.5
left_003552_rgb.png,0.0
left_003570_rgb.png,0.5
left_003570_rgb.png,0.0
left_003574_rgb.png,0.5
left_003574_rgb.png,0.0
left_003576_rgb.png,0.5
left_003576_rgb.png,0.0
left_003583_rgb.png,0.5
left_003583_rgb.png,0.0
left_003587_rgb.png,0.5
left_003587_rgb.png,0.0
left_003588_rgb.png,0.5
left_003588_rgb.png,0.0
left_003591_rgb.png,0.5
left_003591_rgb.png,0.0
left_003594_rgb.png,0.5
left_003594_rgb.png,0.0
left_003601_rgb.png,0.5
left_003601_rgb.png,0.0
left_003610_rgb.png,0.5
left_003610_rgb.png,0.0
left_003612_rgb.png,0.5
left_003612_rgb.png,0.0
left_003613_rgb.png,0.5
left_003613_rgb.png,0.0
left_003627_rgb.png,0.0
left_003637_rgb.png,0.0
left_003639_rgb.png,0.0
left_003640_rgb.png,0.0
left_003646_rgb.png,0.0
left_003649_rgb.png,0.0
left_003661_rgb.png,0.0
left_003662_rgb.png,0.0
left_003666_rgb.png,0.0
left_003687_rgb.png,0.0
left_003705_rgb.png,0.0
left_003707_rgb.png,0.0
left_003710_rgb.png,0.0
left_003721_rgb.png,0.0
left_003725_rgb.png,0.0
left_003729_rgb.png,0.0
left_003736_rgb.png,0.0
left_003740_rgb.png,0.0
left_003743_rgb.png,0.0
left_003745_rgb.png,0.0
left_003754_rgb.png,0.0
left_003765_rgb.png,0.0
left_003772_rgb.png,0.0
left_003774_rgb.png,0.0
left_003791_rgb.png,0.0
left_003800_rgb.png,0.0
left_003801_rgb.png,0.0
left_003808_rgb.png,0.0
left_003817_rgb.png,0.0
left_003833_rgb.png,0.0
left_003836_rgb.png,0.0
left_003840_rgb.png,0.0
left_003853_rgb.png,0.0
left_003862_rgb.png,0.0
left_003871_rgb.png,0.0
left_003880_rgb.png,0.0
left_003900_rgb.png,0.0
left_003921_rgb.png,0.0
left_003922_rgb.png,0.0
left_003930_rgb.png,0.0
left_003933_rgb.png,0.0
left_003951_rgb.png,0.0
left_003961_rgb.png,0.0
left_003964_rgb.png,0.0
left_003968_rgb.png,0.0
left_003970_rgb.png,0.0
left_003971_rgb.png,0.0
left_003992_rgb.png,0.0
left_004005_rgb.png,0.0
left_004019_rgb.png,0.0
left_004022_rgb.png,0.0
left_004024_rgb.png,0.0
left_004042_rgb.png,0.0
left_004043_rgb.png,0.0
left_004048_rgb.png,0.0
left_004063_rgb.png,0.0
left_004066_rgb.png,0.0
left_004088_rgb.png,0.0
left_004095_rgb.png,0.0
left_004097_rgb.png,0.0
left_004106_rgb.png,0.0
left_004115_rgb.png,0.0
left_004117_rgb.png,0.0
left_004132_rgb.png,0.0
left_004134_rgb.png,0.0
left_004136_rgb.png,0.0
left_004139_rgb.png,0.0
left_004140_rgb.png,0.0
left_004148_rgb.png,0.0
left_004150_rgb.png,0.0
left_004153_rgb.png,0.0
left_004156_rgb.png,0.0
left_004159_rgb.png,0.0
left_004173_rgb.png,0.0
left_004176_rgb.png,0.0
left_004178_rgb.png,0.0
left_004190_rgb.png,0.0
left_004192_rgb.png,0.0
left_004199_rgb.png,0.0
left_004204_rgb.png,0.0
left_004216_rgb.png,0.0
left_004231_rgb.png,0.0
left_004236_rgb.png,0.0
left_004265_rgb.png,0.0
left_004270_rgb.png,0.0
left_004291_rgb.png,0.0
left_004300_rgb.png,0.0
left_004307_rgb.png,0.0
left_004314_rgb.png,0.0
left_004315_rgb.png,0.0
left_004317_rgb.png,0.0
left_004326_rgb.png,0.0
left_004328_rgb.png,0.0
left_004339_rgb.png,0.0
left_004340_rgb.png,0.0
left_004343_rgb.png,0.0
left_004345_rgb.png,0.0
left_004346_rgb.png,0.0
left_004363_rgb.png,0.0
left_004386_rgb.png,0.0
left_004387_rgb.png,0.0
left_004400_rgb.png,0.0
left_004402_rgb.png,0.0
left_004404_rgb.png,0.0
left_004430_rgb.png,0.0
left_004434_rgb.png,0.0
left_004444_rgb.png,0.0
left_004447_rgb.png,0.0
left_004449_rgb.png,0.0
left_004461_rgb.png,0.0
left_004470_rgb.png,0.0
left_004471_rgb.png,0.0
left_004477_rgb.png,0.0
left_004480_rgb.png,0.0
left_004482_rgb.png,0.0
left_004493_rgb.png,0.0
left_004500_rgb.png,0.0
left_004501_rgb.png,0.0
left_004502_rgb.png,0.0
left_004512_rgb.png,0.0
left_004516_rgb.png,0.0
left_004535_rgb.png,0.0
left_004537_rgb.png,0.0
left_004539_rgb.png,0.0
left_004542_rgb.png,0.0
left_004550_rgb.png,0.0
left_004564_rgb.png,0.0
left_004566_rgb.png,0.0
left_004568_rgb.png,0.0
left_004570_rgb.png,0.0
left_004574_rgb.png,0.0
left_004587_rgb.png,0.0
left_004591_rgb.png,0.0
left_004596_rgb.png,0.0
left_004605_rgb.png,0.0
left_004609_rgb.png,0.0
left_004612_rgb.png,0.0
left_004613_rgb.png,0.0
left_004630_rgb.png,0.0
left_004635_rgb.png,0.0
left_004639_rgb.png,0.0
left_004640_rgb.png,0.0
left_004650_rgb.png,0.0
left_004662_rgb.png,0.0
left_004679_rgb.png,0.0
left_004683_rgb.png,0.0
left_004692_rgb.png,0.0
left_004693_rgb.png,0.0
left_004719_rgb.png,0.0
left_004728_rgb.png,0.0
left_004729_rgb.png,0.0
left_004733_rgb.png,0.0
left_004742_rgb.png,0.0
left_004743_rgb.png,0.0
left_004748_rgb.png,0.0
left_004759_rgb.png,0.0
left_004769_rgb.png,0.0
left_004778_rgb.png,0.0
left_004780_rgb.png,0.0
left_004787_rgb.png,0.0
left_004823_rgb.png,0.0
left_004827_rgb.png,0.0
left_004846_rgb.png,0.0
left_004848_rgb.png,0.0
left_004851_rgb.png,0.0
left_004858_rgb.png,0.0
left_004861_rgb.png,0.0
left_004864_rgb.png,0.0
left_004871_rgb.png,0.0
left_004879_rgb.png,0.0
left_004880_rgb.png,0.0
left_004884_rgb.png,0.0
left_004887_rgb.png,0.0
left_004896_rgb.png,0.0
left_004953_rgb.png,0.0
left_004962_rgb.png,0.0
left_004970_rgb.png,0.0
left_004975_rgb.png,0.0
left_004980_rgb.png,0.0
left_004981_rgb.png,0.0
left_004998_rgb.png,0.0
left_005011_rgb.png,0.0
left_005014_rgb.png,0.0
left_005020_rgb.png,0.0
left_005023_rgb.png,0.0
left_005041_rgb.png,0.0
left_005043_rgb.png,0.0
left_005049_rgb.png,0.0
left_005051_rgb.png,0.0
left_005055_rgb.png,0.0
left_005061_rgb.png,0.0
left_005062_rgb.png,0.0
left_005064_rgb.png,0.0
left_005069_rgb.png,0.0
left_005071_rgb.png,0.0
left_005077_rgb.png,0.0
left_005080_rgb.png,0.0
left_005083_rgb.png,0.0
left_005086_rgb.png,0.0
left_005087_rgb.png,0.0
left_005095_rgb.png,0.0
left_005102_rgb.png,0.0
left_005111_rgb.png,0.0
left_005116_rgb.png,0.0
left_005117_rgb.png,0.0
left_005121_rgb.png,0.0
left_005153_rgb.png,0.0
left_005165_rgb.png,0.0
left_005168_rgb.png,0.0
left_005170_rgb.png,0.0
left_005199_rgb.png,0.0
left_005220_rgb.png,0.0
left_005235_rgb.png,0.0
left_005239_rgb.png,0.0
left_005263_rgb.png,0.0
left_005266_rgb.png,0.0
left_005273_rgb.png,0.0
left_005274_rgb.png,0.0
left_005278_rgb.png,0.0
left_005281_rgb.png,0.0
left_005284_rgb.png,0.0
left_005286_rgb.png,0.0
left_005303_rgb.png,0.0
left_005321_rgb.png,0.0
left_005333_rgb.png,0.0
left_005349_rgb.png,0.0
left_005354_rgb.png,0.0
left_005376_rgb.png,0.0
left_005381_rgb.png,0.0
left_005390_rgb.png,0.0
left_005391_rgb.png,0.0
left_005399_rgb.png,0.0
left_005404_rgb.png,0.0
left_005407_rgb.png,0.0
left_005420_rgb.png,0.0
left_005428_rgb.png,0.0
left_005430_rgb.png,0.0
left_005437_rgb.png,0.0
left_005454_rgb.png,0.0
left_005462_rgb.png,0.0
left_005467_rgb.png,1.0
left_005474_rgb.png,0.0
left_005483_rgb.png,0.0
left_005494_rgb.png,0.0
left_005499_rgb.png,0.0
left_005503_rgb.png,0.0
left_005505_rgb.png,0.0
left_005508_rgb.png,0.0
left_005511_rgb.png,0.0
left_005522_rgb.png,0.0
left_005531_rgb.png,0.0
left_005547_rgb.png,0.0
left_005552_rgb.png,0.0
left_005553_rgb.png,0.0
left_005559_rgb.png,0.0
left_005568_rgb.png,0.0
left_005571_rgb.png,0.0
left_005574_rgb.png,0.0
left_005575_rgb.png,0.0
left_005578_rgb.png,0.0
left_005581_rgb.png,0.0
left_005591_rgb.png,0.0
left_005599_rgb.png,0.0
left_005602_rgb.png,0.0
left_005608_rgb.png,0.0
left_005612_rgb.png,0.0
left_005620_rgb.png,0.0
left_005630_rgb.png,0.0
left_005649_rgb.png,0.0
left_005654_rgb.png,0.0
left_005658_rgb.png,0.0
left_005679_rgb.png,0.0
left_005690_rgb.png,0.0
left_005691_rgb.png,0.0
left_005695_rgb.png,0.0
left_005701_rgb.png,0.0
left_005731_rgb.png,0.5
left_005731_rgb.png,0.0
left_005739_rgb.png,0.5
left_005739_rgb.png,0.0
left_005753_rgb.png,0.5
left_005753_rgb.png,0.0
left_005768_rgb.png,0.5
left_005768_rgb.png,0.0
left_005774_rgb.png,0.5
left_005774_rgb.png,0.0
left_005778_rgb.png,0.5
left_005778_rgb.png,0.0
left_005779_rgb.png,0.5
left_005779_rgb.png,0.0
left_005782_rgb.png,0.5
left_005782_rgb.png,0.0
left_005784_rgb.png,0.5
left_005784_rgb.png,0.0
left_005785_rgb.png,0.5
left_005785_rgb.png,0.0
left_005786_rgb.png,0.5
left_005786_rgb.png,0.0
left_005789_rgb.png,0.5
left_005789_rgb.png,0.0
left_005822_rgb.png,0.5
left_005822_rgb.png,0.0
left_005825_rgb.png,0.5
left_005825_rgb.png,0.0
left_005829_rgb.png,0.5
left_005829_rgb.png,0.0
left_005830_rgb.png,0.5
left_005830_rgb.png,0.0
left_005834_rgb.png,0.5
left_005834_rgb.png,0.0
left_005844_rgb.png,0.5
left_005844_rgb.png,0.0
left_005849_rgb.png,0.5
left_005849_rgb.png,0.0
left_005851_rgb.png,0.5
left_005851_rgb.png,0.0
left_005855_rgb.png,0.5
left_005855_rgb.png,0.0
left_005862_rgb.png,0.5
left_005862_rgb.png,0.0
left_005885_rgb.png,0.5
left_005885_rgb.png,0.0
left_005889_rgb.png,0.5
left_005889_rgb.png,0.0
left_005894_rgb.png,0.5
left_005894_rgb.png,0.0
left_005902_rgb.png,0.5
left_005902_rgb.png,0.0
left_005905_rgb.png,0.5
left_005905_rgb.png,0.0
left_005911_rgb.png,0.5
left_005911_rgb.png,0.0
left_005915_rgb.png,0.5
left_005915_rgb.png,0.0
left_005922_rgb.png,0.5
left_005922_rgb.png,0.0
left_005927_rgb.png,0.5
left_005927_rgb.png,0.0
left_005928_rgb.png,0.5
left_005928_rgb.png,0.0
left_005932_rgb.png,0.5
left_005932_rgb.png,0.0
left_005951_rgb.png,0.5
left_005951_rgb.png,0.0
left_005958_rgb.png,0.5
left_005958_rgb.png,0.0
left_005968_rgb.png,0.5
left_005968_rgb.png,0.0
left_005972_rgb.png,0.5
left_005972_rgb.png,0.0
left_005977_rgb.png,0.5
left_005977_rgb.png,0.0
left_005982_rgb.png,0.5
left_005982_rgb.png,0.0
left_005985_rgb.png,0.5
left_005985_rgb.png,0.0
left_005999_rgb.png,0.5
left_005999_rgb.png,0.0
left_006006_rgb.png,0.5
left_006006_rgb.png,0.0
left_006014_rgb.png,0.5
left_006014_rgb.png,0.0
left_006015_rgb.png,0.5
left_006015_rgb.png,0.0
left_006024_rgb.png,0.5
left_006024_rgb.png,0.0
left_006025_rgb.png,0.5
left_006025_rgb.png,0.0
left_006029_rgb.png,0.5
left_006029_rgb.png,0.0
left_006037_rgb.png,0.5
left_006037_rgb.png,0.0
left_006040_rgb.png,0.5
left_006040_rgb.png,0.0
left_006057_rgb.png,0.0
left_006060_rgb.png,0.0
left_006070_rgb.png,0.0
left_006072_rgb.png,0.0
left_006074_rgb.png,0.0
left_006076_rgb.png,0.0
left_006089_rgb.png,0.0
left_006102_rgb.png,0.0
left_006105_rgb.png,0.0
left_006106_rgb.png,0.0
left_006108_rgb.png,0.0
left_006122_rgb.png,0.0
left_006129_rgb.png,0.0
left_006130_rgb.png,0.0
left_006146_rgb.png,0.0
left_006151_rgb.png,0.0
left_006152_rgb.png,0.0
left_006153_rgb.png,0.0
left_006170_rgb.png,0.0
left_006189_rgb.png,0.0
left_006191_rgb.png,1.0
left_006196_rgb.png,1.0
left_006201_rgb.png,0.0
left_006206_rgb.png,0.0
left_006228_rgb.png,0.0
left_006234_rgb.png,0.0
left_006236_rgb.png,0.0
left_006238_rgb.png,0.0
left_006247_rgb.png,0.0
left_006249_rgb.png,0.0
left_006265_rgb.png,0.0
left_006266_rgb.png,0.0
left_006269_rgb.png,0.0
left_006273_rgb.png,0.0
left_006276_rgb.png,0.0
left_006289_rgb.png,0.0
left_006308_rgb.png,0.0
left_006312_rgb.png,0.0
left_006317_rgb.png,0.0
left_006331_rgb.png,0.0
left_006335_rgb.png,0.0
left_006343_rgb.png,0.0
left_006349_rgb.png,0.0
left_006354_rgb.png,0.0
left_006357_rgb.png,0.0
left_006361_rgb.png,0.0
left_006374_rgb.png,0.0
left_006376_rgb.png,0.0
left_006378_rgb.png,0.0
left_006380_rgb.png,0.0
left_006385_rgb.png,0.0
left_006392_rgb.png,0.0
left_006396_rgb.png,0.0
left_006397_rgb.png,0.0
left_006399_rgb.png,0.0
left_006403_rgb.png,0.0
left_006405_rgb.png,0.0
left_006406_rgb.png,0.0
left_006423_rgb.png,0.0
left_006425_rgb.png,0.0
left_006428_rgb.png,0.0
left_006433_rgb.png,0.0
left_006435_rgb.png,0.0
left_006454_rgb.png,0.0
left_006457_rgb.png,0.0
left_006459_rgb.png,0.0
left_006474_rgb.png,0.0
left_006481_rgb.png,0.0
left_006489_rgb.png,0.0
left_006503_rgb.png,0.0
left_006506_rgb.png,0.0
left_006524_rgb.png,0.0
left_006527_rgb.png,0.0
left_006532_rgb.png,0.0
left_006533_rgb.png,0.0
left_006545_rgb.png,0.0
left_006580_rgb.png,0.0
left_006600_rgb.png,0.0
left_006602_rgb.png,0.0
left_006603_rgb.png,0.0
left_006611_rgb.png,0.0
left_006614_rgb.png,0.0
left_006617_rgb.png,0.0
left_006627_rgb.png,0.0
left_006632_rgb.png,0.0
left_006643_rgb.png,0.0
left_006646_rgb.png,0.0
left_006658_rgb.png,0.0
left_006667_rgb.png,0.0
left_006696_rgb.png,0.0
left_006703_rgb.png,0.0
left_006729_rgb.png,0.0
left_006739_rgb.png,0.0
left_006744_rgb.png,0.0
left_006747_rgb.png,0.0
left_006761_rgb.png,1.0
left_006765_rgb.png,1.0
left_006771_rgb.png,1.0
left_006774_rgb.png,1.0
left_006792_rgb.png,1.0
left_006793_rgb.png,1.0
left_006797_rgb.png,1.0
left_006808_rgb.png,1.0
left_006815_rgb.png,1.0
left_006825_rgb.png,1.0
left_006832_rgb.png,1.0
left_006835_rgb.png,1.0
left_006837_rgb.png,1.0
left_006841_rgb.png,1.0
left_006846_rgb.png,1.0
left_006847_rgb.png,1.0
left_006858_rgb.png,1.0
left_006860_rgb.png,1.0
left_006870_rgb.png,1.0
left_006889_rgb.png,1.0
left_006891_rgb.png,1.0
left_006900_rgb.png,1.0
left_006907_rgb.png,1.0
left_006908_rgb.png,1.0
left_006910_rgb.png,1.0
left_006913_rgb.png,1.0
left_006918_rgb.png,1.0
left_006919_rgb.png,1.0
left_006920_rgb.png,1.0
left_006926_rgb.png,1.0
left_006981_rgb.png,1.0
left_006999_rgb.png,1.0
left_007007_rgb.png,1.0
left_007010_rgb.png,1.0
left_007020_rgb.png,1.0
left_007032_rgb.png,1.0
left_007049_rgb.png,1.0
left_007055_rgb.png,1.0
left_007073_rgb.png,1.0
left_007074_rgb.png,1.0
left_007075_rgb.png,1.0
left_007081_rgb.png,1.0
left_007084_rgb.png,1.0
left_007087_rgb.png,1.0
left_007091_rgb.png,1.0
left_007099_rgb.png,1.0
left_007112_rgb.png,1.0
left_007122_rgb.png,1.0
left_007127_rgb.png,1.0
left_007128_rgb.png,1.0
left_007146_rgb.png,1.0
left_007159_rgb.png,1.0
left_007167_rgb.png,1.0
left_007175_rgb.png,1.0
left_007187_rgb.png,1.0
left_007189_rgb.png,1.0
left_007191_rgb.png,1.0
left_007215_rgb.png,1.0
left_007217_rgb.png,1.0
left_007238_rgb.png,1.0
left_007239_rgb.png,1.0
left_007241_rgb.png,1.0
left_007249_rgb.png,1.0
left_007253_rgb.png,1.0
left_007257_rgb.png,1.0
left_007267_rgb.png,1.0
left_007268_rgb.png,1.0
left_007272_rgb.png,1.0
left_007279_rgb.png,1.0
left_007285_rgb.png,1.0
left_007287_rgb.png,1.0
left_007288_rgb.png,1.0
left_007299_rgb.png,1.0
left_007306_rgb.png,1.0
left_007309_rgb.png,1.0
left_007322_rgb.png,1.0
left_007327_rgb.png,1.0
left_007328_rgb.png,1.0
left_007330_rgb.png,1.0
left_007338_rgb.png,1.0
left_007347_rgb.png,1.0
left_007348_rgb.png,1.0
left_007356_rgb.png,1.0
left_007361_rgb.png,1.0
left_007381_rgb.png,1.0
left_007391_rgb.png,1.0
left_007397_rgb.png,1.0
left_007403_rgb.png,1.0
left_007411_rgb.png,1.0
left_007414_rgb.png,1.0
left_007420_rgb.png,1.0
left_007427_rgb.png,1.0
left_007428_rgb.png,1.0
left_007447_rgb.png,0.0
left_007448_rgb.png,0.0
left_007461_rgb.png,0.0
left_007468_rgb.png,0.0
left_007471_rgb.png,0.0
left_007476_rgb.png,0.0
left_007487_rgb.png,0.0
left_007490_rgb.png,0.0
left_007500_rgb.png,0.0
left_007501_rgb.png,0.0
left_007502_rgb.png,0.0
left_007514_rgb.png,0.0
left_007518_rgb.png,0.0
left_007524_rgb.png,0.0
left_007525_rgb.png,0.0
left_007564_rgb.png,0.0
left_007565_rgb.png,0.0
left_007576_rgb.png,0.0
left_007585_rgb.png,0.0
left_007587_rgb.png,0.0
left_007594_rgb.png,0.0
left_007598_rgb.png,0.0
left_007618_rgb.png,0.0
left_007620_rgb.png,0.0
left_007624_rgb.png,0.0
left_007642_rgb.png,0.0
left_007649_rgb.png,0.0
left_007652_rgb.png,0.0
left_007657_rgb.png,0.0
left_007663_rgb.png,0.5
left_007663_rgb.png,0.0
left_007667_rgb.png,0.5
left_007667_rgb.png,0.0
left_007668_rgb.png,0.5
left_007668_rgb.png,0.0
left_007672_rgb.png,0.5
left_007672_rgb.png,0.0
left_007677_rgb.png,0.5
left_007677_rgb.png,0.0
left_007688_rgb.png,0.5
left_007688_rgb.png,0.0
left_007692_rgb.png,0.0
left_007712_rgb.png,0.0
left_007724_rgb.png,0.0
left_007739_rgb.png,0.0
left_007740_rgb.png,0.0
left_007747_rgb.png,0.0
left_007749_rgb.png,0.0
left_007761_rgb.png,0.0
left_007766_rgb.png,0.0
left_007783_rgb.png,0.0
left_007789_rgb.png,0.0
left_007804_rgb.png,0.0
left_007806_rgb.png,0.0
left_007807_rgb.png,0.0
left_007820_rgb.png,0.0
left_007823_rgb.png,0.0
left_007838_rgb.png,0.0
left_007839_rgb.png,0.0
left_007849_rgb.png,0.0
left_007855_rgb.png,0.0
left_007858_rgb.png,0.0
left_007860_rgb.png,0.0
left_007899_rgb.png,0.0
left_007912_rgb.png,0.0
left_007917_rgb.png,0.0
left_007918_rgb.png,0.0
left_007922_rgb.png,0.0
left_007928_rgb.png,0.0
left_007929_rgb.png,0.0
left_007938_rgb.png,0.0
left_007939_rgb.png,0.0
left_007942_rgb.png,0.0
left_007946_rgb.png,0.0
left_007950_rgb.png,0.0
left_007955_rgb.png,0.0
left_007957_rgb.png,0.0
left_007973_rgb.png,0.0
left_007981_rgb.png,0.0
left_008002_rgb.png,0.0
left_008006_rgb.png,0.0
left_008008_rgb.png,0.0
left_008017_rgb.png,0.0
left_008019_rgb.png,0.0
left_008024_rgb.png,0.0
left_008026_rgb.png,0.0
left_008028_rgb.png,0.0
left_008038_rgb.png,0.0
left_008048_rgb.png,0.0
left_008049_rgb.png,0.0
left_008059_rgb.png,0.0
left_008060_rgb.png,0.0
left_008064_rgb.png,0.0
left_008080_rgb.png,0.0
left_008083_rgb.png,0.0
left_008090_rgb.png,0.0
left_008092_rgb.png,0.0
left_008103_rgb.png,0.0
left_008117_rgb.png,0.0
left_008120_rgb.png,0.0
left_008133_rgb.png,0.0
left_008139_rgb.png,0.0
left_008146_rgb.png,0.0
left_008148_rgb.png,0.0
left_008150_rgb.png,0.0
left_008155_rgb.png,0.0
left_008162_rgb.png,0.0
left_008164_rgb.png,0.0
left_008171_rgb.png,0.0
left_008197_rgb.png,0.0
left_008218_rgb.png,0.0
left_008223_rgb.png,0.0
left_008224_rgb.png,0.0
left_008228_rgb.png,0.0
left_008234_rgb.png,0.0
left_008237_rgb.png,0.0
left_008238_rgb.png,0.0
left_008252_rgb.png,0.0
left_008287_rgb.png,0.0
left_008289_rgb.png,0.0
left_008305_rgb.png,0.0
left_008319_rgb.png,0.0
left_008334_rgb.png,0.0
left_008345_rgb.png,0.0
left_008348_rgb.png,0.0
left_008363_rgb.png,0.0
left_008364_rgb.png,0.0
left_008365_rgb.png,0.0
left_008379_rgb.png,0.0
left_008382_rgb.png,0.0
left_008398_rgb.png,0.0
left_008420_rgb.png,0.0
left_008425_rgb.png,0.0
left_008431_rgb.png,0.0
left_008442_rgb.png,0.0
left_008447_rgb.png,0.0
left_008456_rgb.png,0.0
left_008460_rgb.png,0.0
left_008464_rgb.png,0.0
left_008465_rgb.png,0.0
left_008472_rgb.png,0.0
left_008480_rgb.png,0.0
left_008488_rgb.png,0.0
left_008494_rgb.png,0.0
left_008497_rgb.png,0.0
left_008502_rgb.png,0.0
left_008512_rgb.png,0.0
left_008519_rgb.png,0.0
left_008530_rgb.png,0.0
left_008536_rgb.png,0.0
left_008539_rgb.png,0.0
left_008541_rgb.png,0.0
left_008542_rgb.png,0.0
left_008544_rgb.png,0.0
left_008545_rgb.png,0.0
left_008562_rgb.png,0.5
left_008562_rgb.png,0.0
left_008566_rgb.png,0.5
left_008566_rgb.png,0.0
left_008573_rgb.png,0.0
left_008579_rgb.png,0.0
left_008599_rgb.png,0.0
left_008623_rgb.png,0.0
left_008624_rgb.png,0.0
left_008633_rgb.png,0.0
left_008637_rgb.png,0.0
left_008650_rgb.png,0.0
left_008654_rgb.png,0.0
left_008671_rgb.png,0.0
left_008695_rgb.png,0.0
left_008702_rgb.png,0.0
left_008704_rgb.png,0.0
left_008711_rgb.png,0.0
left_008719_rgb.png,0.0
left_008723_rgb.png,0.0
left_008740_rgb.png,0.0
left_008741_rgb.png,0.0
left_008760_rgb.png,0.0
left_008763_rgb.png,0.0
left_008764_rgb.png,0.0
left_008769_rgb.png,0.0
left_008776_rgb.png,0.0
left_008784_rgb.png,0.0
left_008798_rgb.png,0.0
left_008799_rgb.png,0.0
left_008813_rgb.png,0.0
left_008815_rgb.png,0.0
left_008816_rgb.png,0.0
left_008820_rgb.png,0.0
left_008822_rgb.png,0.0
left_008842_rgb.png,0.0
left_008844_rgb.png,0.0
left_008847_rgb.png,0.0
left_008851_rgb.png,0.0
left_008854_rgb.png,0.0
left_008865_rgb.png,0.0
left_008873_rgb.png,0.0
left_008878_rgb.png,0.0
left_008888_rgb.png,0.0
left_008910_rgb.png,0.0
left_008932_rgb.png,0.0
left_008945_rgb.png,0.0
left_008951_rgb.png,0.0
left_008961_rgb.png,0.0
left_008965_rgb.png,0.0
left_008967_rgb.png,0.0
left_008975_rgb.png,0.0
left_008979_rgb.png,0.0
left_008986_rgb.png,0.0
left_008993_rgb.png,0.0
left_009000_rgb.png,0.0
left_009022_rgb.png,0.0
left_009024_rgb.png,0.0
left_009027_rgb.png,0.0
left_009041_rgb.png,0.0
left_009048_rgb.png,0.0
left_009051_rgb.png,0.0
left_009056_rgb.png,0.0
left_009060_rgb.png,0.0
left_009075_rgb.png,1.0
left_009078_rgb.png,0.5
left_009078_rgb.png,0.0
left_009081_rgb.png,0.0
left_009105_rgb.png,0.0
left_009128_rgb.png,0.0
left_009130_rgb.png,0.0
left_009131_rgb.png,0.0
left_009134_rgb.png,0.0
left_009151_rgb.png,0.0
left_009161_rgb.png,0.0
left_009165_rgb.png,0.0
left_009166_rgb.png,0.0
left_009168_rgb.png,0.0
left_009171_rgb.png,0.0
left_009172_rgb.png,0.0
left_009176_rgb.png,0.0
left_009178_rgb.png,0.0
left_009196_rgb.png,0.0
left_009198_rgb.png,0.0
left_009218_rgb.png,0.0
left_009220_rgb.png,0.0
left_009222_rgb.png,0.0
left_009225_rgb.png,0.0
left_009227_rgb.png,0.0
left_009228_rgb.png,0.0
left_009243_rgb.png,0.0
left_009257_rgb.png,0.0
left_009263_rgb.png,0.0
left_009287_rgb.png,0.0
left_009289_rgb.png,0.0
left_009303_rgb.png,0.0
left_009306_rgb.png,0.0
left_009314_rgb.png,0.0
left_009321_rgb.png,0.0
left_009327_rgb.png,0.0
left_009342_rgb.png,0.0
left_009347_rgb.png,0.0
left_009361_rgb.png,0.0
left_009368_rgb.png,0.0
left_009380_rgb.png,0.0
left_009387_rgb.png,0.0
left_009392_rgb.png,0.0
left_009401_rgb.png,0.0
left_009411_rgb.png,0.0
left_009415_rgb.png,0.0
left_009420_rgb.png,0.0
left_009425_rgb.png,0.0
left_009430_rgb.png,1.0
left_009431_rgb.png,1.0
left_009451_rgb.png,0.0
left_009452_rgb.png,0.0
left_009463_rgb.png,0.0
left_009469_rgb.png,0.0
left_009472_rgb.png,0.0
left_009480_rgb.png,0.0
left_009481_rgb.png,0.0
left_009485_rgb.png,0.0
left_009492_rgb.png,0.0
left_009496_rgb.png,0.0
left_009502_rgb.png,0.0
left_009511_rgb.png,0.0
left_009522_rgb.png,0.0
left_009536_rgb.png,0.0
left_009544_rgb.png,0.0
left_009572_rgb.png,0.0
left_009580_rgb.png,0.0
left_009584_rgb.png,0.0
left_009590_rgb.png,0.0
left_009592_rgb.png,0.0
left_009599_rgb.png,0.0
left_009621_rgb.png,0.0
left_009627_rgb.png,0.0
left_009639_rgb.png,0.0
left_009640_rgb.png,0.0
left_009644_rgb.png,0.0
left_009647_rgb.png,0.0
left_009653_rgb.png,0.0
left_009675_rgb.png,0.0
left_009676_rgb.png,0.0
left_009681_rgb.png,0.0
left_009697_rgb.png,0.0
left_009700_rgb.png,0.0
left_009702_rgb.png,0.0
left_009706_rgb.png,0.0
left_009707_rgb.png,0.0
left_009709_rgb.png,0.0
left_009710_rgb.png,0.0
left_009711_rgb.png,0.0
left_009721_rgb.png,0.0
left_009726_rgb.png,0.0
left_009729_rgb.png,0.0
left_009731_rgb.png,0.0
left_009732_rgb.png,0.0
left_009741_rgb.png,0.0
left_009742_rgb.png,0.0
left_009743_rgb.png,0.0
left_009748_rgb.png,0.0
left_009750_rgb.png,0.0
left_009753_rgb.png,0.0
left_009759_rgb.png,0.0
left_009763_rgb.png,0.0
left_009769_rgb.png,0.0
left_009771_rgb.png,0.0
left_009772_rgb.png,0.0
left_009792_rgb.png,0.0
left_009794_rgb.png,0.0
left_009801_rgb.png,0.0
left_009809_rgb.png,0.0
left_009833_rgb.png,0.0
left_009839_rgb.png,0.0
left_009842_rgb.png,0.0
left_009850_rgb.png,0.0
left_009858_rgb.png,0.0
left_009863_rgb.png,0.0
left_009868_rgb.png,0.0
left_009875_rgb.png,0.0
left_009880_rgb.png,0.0
left_009886_rgb.png,0.0
left_009906_rgb.png,0.0
left_009908_rgb.png,0.0
left_009915_rgb.png,0.0
left_009917_rgb.png,0.0
left_009925_rgb.png,0.0
left_009926_rgb.png,0.0
left_009927_rgb.png,0.0
left_009942_rgb.png,0.0
left_009946_rgb.png,0.0
left_009983_rgb.png,0.0
left_009986_rgb.png,0.0
left_009989_rgb.png,0.0
left_009990_rgb.png,0.0
left_010002_rgb.png,0.0
left_010006_rgb.png,0.0
left_010012_rgb.png,0.0
left_010016_rgb.png,0.0
left_010019_rgb.png,0.0
left_010028_rgb.png,0.0
left_010029_rgb.png,0.0
left_010034_rgb.png,0.0
left_010046_rgb.png,0.0
left_010048_rgb.png,0.0
left_010056_rgb.png,0.0
left_010057_rgb.png,0.0
left_010074_rgb.png,0.0
left_010087_rgb.png,0.0
left_010101_rgb.png,0.0
left_010103_rgb.png,0.0
left_010121_rgb.png,0.0
left_010122_rgb.png,0.0
left_010123_rgb.png,0.0
left_010126_rgb.png,0.0
left_010136_rgb.png,0.0
left_010156_rgb.png,0.0
left_010159_rgb.png,0.0
left_010184_rgb.png,0.0
left_010186_rgb.png,0.0
left_010190_rgb.png,0.0
left_010192_rgb.png,0.0
left_010193_rgb.png,0.0
left_010206_rgb.png,0.0
left_010209_rgb.png,0.0
left_010210_rgb.png,0.0
left_010211_rgb.png,0.0
left_010224_rgb.png,0.0
left_010235_rgb.png,0.0
left_010238_rgb.png,0.0
left_010243_rgb.png,0.0
left_010252_rgb.png,0.0
left_010255_rgb.png,0.5
left_010255_rgb.png,0.0
left_010259_rgb.png,0.5
left_010259_rgb.png,0.0
left_010264_rgb.png,0.0
left_010269_rgb.png,0.0
left_010270_rgb.png,0.0
left_010274_rgb.png,0.0
left_010282_rgb.png,0.0
left_010288_rgb.png,0.0
left_010290_rgb.png,0.0
left_010302_rgb.png,0.0
left_010310_rgb.png,0.0
left_010315_rgb.png,0.0
left_010323_rgb.png,0.0
left_010326_rgb.png,0.0
left_010327_rgb.png,0.0
left_010335_rgb.png,0.0
left_010336_rgb.png,0.0
left_010347_rgb.png,0.0
left_010349_rgb.png,0.0
left_010359_rgb.png,0.0
left_010365_rgb.png,0.0
left_010376_rgb.png,0.0
left_010377_rgb.png,0.0
left_010382_rgb.png,0.0
left_010389_rgb.png,0.0
left_010390_rgb.png,0.0
left_010393_rgb.png,0.0
left_010411_rgb.png,0.0
left_010423_rgb.png,0.0
left_010424_rgb.png,0.0
left_010428_rgb.png,0.0
left_010442_rgb.png,0.0
left_010447_rgb.png,0.0
left_010453_rgb.png,0.0
left_010457_rgb.png,0.0
left_010474_rgb.png,0.0
left_010500_rgb.png,0.0
left_010504_rgb.png,0.0
left_010505_rgb.png,0.0
left_010509_rgb.png,0.0
left_010510_rgb.png,0.0
left_010513_rgb.png,0.0
left_010518_rgb.png,0.0
left_010525_rgb.png,0.0
left_010528_rgb.png,0.0
left_010533_rgb.png,0.0
left_010544_rgb.png,0.0
left_010554_rgb.png,0.0
left_010560_rgb.png,0.0
left_010565_rgb.png,0.0
left_010574_rgb.png,0.0
left_010575_rgb.png,0.0
left_010577_rgb.png,0.0
left_010581_rgb.png,0.0
left_010583_rgb.png,0.0
left_010588_rgb.png,0.0
left_010605_rgb.png,0.0
left_010614_rgb.png,0.0
left_010621_rgb.png,0.0
left_010622_rgb.png,0.0
left_010631_rgb.png,0.0
left_010639_rgb.png,0.0
left_010646_rgb.png,0.0
left_010655_rgb.png,0.0
left_010657_rgb.png,0.0
left_010667_rgb.png,0.0
left_010670_rgb.png,0.0
left_010692_rgb.png,0.0
left_010702_rgb.png,0.0
left_010703_rgb.png,0.0
left_010722_rgb.png,0.0
left_010724_rgb.png,0.0
left_010726_rgb.png,0.0
left_010739_rgb.png,0.0
left_010743_rgb.png,0.0
left_010744_rgb.png,0.0
left_010747_rgb.png,0.0
left_010748_rgb.png,0.0
left_010750_rgb.png,0.0
left_010752_rgb.png,0.0
left_010756_rgb.png,0.0
left_010763_rgb.png,0.0
left_010766_rgb.png,0.0
left_010767_rgb.png,0.0
left_010769_rgb.png,0.0
left_010770_rgb.png,0.0
left_010774_rgb.png,0.0
left_010777_rgb.png,0.0
left_010783_rgb.png,0.0
left_010784_rgb.png,0.0
left_010785_rgb.png,0.0
left_010788_rgb.png,0.0
left_010794_rgb.png,0.0
left_010796_rgb.png,0.0
left_010798_rgb.png,0.0
left_010800_rgb.png,0.0
left_010801_rgb.png,0.0
left_010803_rgb.png,0.0
left_010808_rgb.png,0.0
left_010810_rgb.png,0.0
left_010830_rgb.png,0.0
left_010832_rgb.png,0.0
left_010842_rgb.png,0.0
left_011060_rgb.png,0.0
left_011061_rgb.png,0.0
left_011062_rgb.png,0.0
left_011065_rgb.png,0.0
left_011068_rgb.png,0.0
left_011071_rgb.png,0.0
left_011074_rgb.png,0.0
left_011077_rgb.png,0.0
left_011080_rgb.png,0.0
left_011083_rgb.png,0.0
left_011086_rgb.png,0.0
left_011089_rgb.png,0.0
left_011108_rgb.png,0.0
left_011113_rgb.png,0.0
left_011122_rgb.png,0.0
left_011123_rgb.png,0.0
left_011373_rgb.png,0.0
left_011379_rgb.png,0.0
left_011381_rgb.png,0.0
left_011385_rgb.png,0.0
left_011388_rgb.png,0.0
left_011392_rgb.png,0.0
left_011400_rgb.png,0.0
left_011405_rgb.png,0.0
left_011413_rgb.png,0.0
left_011417_rgb.png,0.0
left_011421_rgb.png,0.0
left_011491_rgb.png,0.0
left_011493_rgb.png,0.0
left_011496_rgb.png,0.0
left_011506_rgb.png,0.0
left_011516_rgb.png,0.0
left_011520_rgb.png,0.0
left_011527_rgb.png,0.0
left_011529_rgb.png,0.0
left_011534_rgb.png,0.0
left_011539_rgb.png,0.0
left_011546_rgb.png,0.0
left_011550_rgb.png,0.0
left_011551_rgb.png,0.0
left_011563_rgb.png,0.0
left_011565_rgb.png,0.0
left_011568_rgb.png,0.0
left_011570_rgb.png,0.0
left_011576_rgb.png,0.0
left_011581_rgb.png,0.0
left_011592_rgb.png,0.0
left_011597_rgb.png,0.0
left_011599_rgb.png,0.0
left_011606_rgb.png,0.0
left_011609_rgb.png,0.0
left_011610_rgb.png,0.0
left_011615_rgb.png,0.0
left_011616_rgb.png,0.0
left_011623_rgb.png,0.0
left_011626_rgb.png,0.0
left_011637_rgb.png,0.0
left_011638_rgb.png,0.0
left_011643_rgb.png,0.0
left_011652_rgb.png,0.0
left_011657_rgb.png,0.0
left_011659_rgb.png,0.0
left_011666_rgb.png,0.0
left_011668_rgb.png,0.0
left_011673_rgb.png,0.0
left_011677_rgb.png,0.0
left_011721_rgb.png,0.0
left_011903_rgb.png,0.0
left_011914_rgb.png,0.0
left_011915_rgb.png,0.0
left_011920_rgb.png,0.0
left_011928_rgb.png,0.0
left_011932_rgb.png,0.0
left_011935_rgb.png,0.0
left_011936_rgb.png,0.0
left_011942_rgb.png,0.0
left_011947_rgb.png,0.0
left_011950_rgb.png,0.0
left_011953_rgb.png,0.0
left_011957_rgb.png,0.0
left_011960_rgb.png,0.0
left_011965_rgb.png,0.0
left_011969_rgb.png,0.0
left_011970_rgb.png,0.0
left_011976_rgb.png,0.0
left_011982_rgb.png,0.0
left_011987_rgb.png,0.0
left_011991_rgb.png,0.0
left_011996_rgb.png,0.5
left_011996_rgb.png,0.0
left_012003_rgb.png,0.0
left_012013_rgb.png,0.0
left_012016_rgb.png,0.0
left_012023_rgb.png,0.0
left_012026_rgb.png,0.0
left_012030_rgb.png,0.0
left_012033_rgb.png,0.0
left_012057_rgb.png,0.0
left_012060_rgb.png,0.0
left_012070_rgb.png,0.0
left_012072_rgb.png,0.0
left_012078_rgb.png,0.0
left_012087_rgb.png,0.0
left_012091_rgb.png,0.0
left_012094_rgb.png,0.0
left_012097_rgb.png,0.0
left_012102_rgb.png,0.0
left_012103_rgb.png,0.0
left_012110_rgb.png,0.0
left_012113_rgb.png,0.0
left_012119_rgb.png,0.0
left_012124_rgb.png,0.0
left_012125_rgb.png,0.0
left_012126_rgb.png,0.0
left_012130_rgb.png,0.0
left_012131_rgb.png,0.0
left_012135_rgb.png,0.0
left_012155_rgb.png,0.0
left_012161_rgb.png,0.0
left_012165_rgb.png,0.0
left_012167_rgb.png,0.0
left_012178_rgb.png,0.0
left_012184_rgb.png,0.0
left_012190_rgb.png,0.0
left_012196_rgb.png,0.0
left_012206_rgb.png,0.0
left_012216_rgb.png,0.0
left_012219_rgb.png,0.0
left_012226_rgb.png,0.0
left_012227_rgb.png,0.0
left_012233_rgb.png,0.0
left_012236_rgb.png,0.0
left_012243_rgb.png,0.0
left_012250_rgb.png,0.0
left_012255_rgb.png,0.0
left_012262_rgb.png,0.0
left_012263_rgb.png,0.0
left_012267_rgb.png,0.0
left_012268_rgb.png,0.0
left_012269_rgb.png,0.0
left_012272_rgb.png,0.0
left_012276_rgb.png,0.0
left_012281_rgb.png,0.0
left_012290_rgb.png,0.0
left_012291_rgb.png,0.0
left_012294_rgb.png,0.0
left_012295_rgb.png,0.0
left_012299_rgb.png,0.0
left_012304_rgb.png,0.0
left_012307_rgb.png,0.0
left_012314_rgb.png,0.0
left_012321_rgb.png,0.0
left_012324_rgb.png,0.0
left_012331_rgb.png,0.0
left_012343_rgb.png,0.0
left_012401_rgb.png,0.0
left_012405_rgb.png,0.0
left_012409_rgb.png,0.0
left_012457_rgb.png,0.0
left_012473_rgb.png,0.0
left_012478_rgb.png,0.0
left_012492_rgb.png,0.0
left_012496_rgb.png,0.0
left_012502_rgb.png,0.0
left_012517_rgb.png,0.0
left_012545_rgb.png,0.0
left_012547_rgb.png,0.0
left_012551_rgb.png,0.0
left_012566_rgb.png,0.0
left_012601_rgb.png,0.0
left_012602_rgb.png,0.0
left_012607_rgb.png,0.0
left_012610_rgb.png,0.0
left_012612_rgb.png,0.0
left_012616_rgb.png,0.0
left_012619_rgb.png,0.0
left_012624_rgb.png,0.0
left_012628_rgb.png,0.0
left_012638_rgb.png,0.0
left_012639_rgb.png,0.0
left_012641_rgb.png,0.0
left_012645_rgb.png,0.0
left_012653_rgb.png,0.0
left_012677_rgb.png,0.0
left_012683_rgb.png,0.0
left_012684_rgb.png,0.0
left_012688_rgb.png,0.0
left_012711_rgb.png,0.0
left_012718_rgb.png,0.0
left_012725_rgb.png,0.0
left_012730_rgb.png,0.0
left_012733_rgb.png,1.0
left_012753_rgb.png,0.0
left_012757_rgb.png,0.0
left_012767_rgb.png,0.0
left_012776_rgb.png,0.0
left_012792_rgb.png,0.0
left_012817_rgb.png,0.0
left_012827_rgb.png,0.0
left_012828_rgb.png,0.0
left_012829_rgb.png,0.0
left_012833_rgb.png,0.0
left_012856_rgb.png,0.0
left_012861_rgb.png,0.0
left_012864_rgb.png,0.0
left_012868_rgb.png,0.0
left_012872_rgb.png,0.0
left_012874_rgb.png,0.0
left_012875_rgb.png,0.0
left_012877_rgb.png,0.0
left_012881_rgb.png,0.0
left_012886_rgb.png,0.0
left_012889_rgb.png,0.0
left_012890_rgb.png,0.0
left_012892_rgb.png,0.0
left_012894_rgb.png,0.0
left_012901_rgb.png,0.0
left_012903_rgb.png,0.0
left_012907_rgb.png,0.0
left_012913_rgb.png,0.0
left_012917_rgb.png,0.0
left_012920_rgb.png,0.0
left_012924_rgb.png,0.0
left_012925_rgb.png,0.0
left_012929_rgb.png,0.0
left_012949_rgb.png,0.0
left_012952_rgb.png,0.0
left_012956_rgb.png,0.0
left_012959_rgb.png,0.0
left_012964_rgb.png,0.0
left_012973_rgb.png,0.0
left_012980_rgb.png,0.0
left_012995_rgb.png,0.0
left_012999_rgb.png,0.0
left_013003_rgb.png,0.0
left_013015_rgb.png,0.0
left_013018_rgb.png,0.0
left_013023_rgb.png,0.0
left_013027_rgb.png,0.0
left_013031_rgb.png,0.0
left_013033_rgb.png,0.0
left_013038_rgb.png,0.0
left_013041_rgb.png,0.0
left_013046_rgb.png,0.0
left_013049_rgb.png,0.0
left_013054_rgb.png,0.0
left_013058_rgb.png,0.0
left_013066_rgb.png,0.0
left_013070_rgb.png,0.0
left_013071_rgb.png,0.0
left_013075_rgb.png,0.0
left_013078_rgb.png,0.0
left_013081_rgb.png,0.0
left_013083_rgb.png,0.0
left_013087_rgb.png,0.0
left_013090_rgb.png,0.0
left_013117_rgb.png,0.0
left_013128_rgb.png,0.0
left_013130_rgb.png,0.0
left_013133_rgb.png,0.0
left_013134_rgb.png,0.0
left_013157_rgb.png,0.0
left_013200_rgb.png,0.0
left_013222_rgb.png,0.0
left_013226_rgb.png,0.0
left_013233_rgb.png,1.0
left_013240_rgb.png,0.0
left_013241_rgb.png,0.0
left_013242_rgb.png,0.0
left_013247_rgb.png,0.0
left_013262_rgb.png,0.0
left_013268_rgb.png,0.0
left_013269_rgb.png,0.0
left_013312_rgb.png,0.0
left_013332_rgb.png,0.0
left_013333_rgb.png,0.0
left_013334_rgb.png,0.0
left_013339_rgb.png,0.0
left_013350_rgb.png,0.0
left_013351_rgb.png,0.0
left_013352_rgb.png,0.0
left_013364_rgb.png,0.0
left_013368_rgb.png,0.0
left_013371_rgb.png,0.0
left_013374_rgb.png,0.0
left_013379_rgb.png,0.0
left_013380_rgb.png,0.0
left_013383_rgb.png,0.0
left_013384_rgb.png,0.0
left_013390_rgb.png,0.0
left_013393_rgb.png,0.0
left_013398_rgb.png,0.0
left_013401_rgb.png,0.0
left_013406_rgb.png,0.0
left_013409_rgb.png,0.0
left_013412_rgb.png,0.0
left_013413_rgb.png,0.0
left_013417_rgb.png,0.0
left_013444_rgb.png,0.0
left_013452_rgb.png,0.0
left_013461_rgb.png,0.0
left_013463_rgb.png,0.0
left_013467_rgb.png,0.0
left_013470_rgb.png,0.0
left_013473_rgb.png,0.0
left_013476_rgb.png,0.0
left_013479_rgb.png,0.0
left_013480_rgb.png,0.0
left_013491_rgb.png,0.0
left_013511_rgb.png,0.0
left_013514_rgb.png,0.0
left_013519_rgb.png,0.0
left_013524_rgb.png,0.0
left_013537_rgb.png,0.0
left_013539_rgb.png,0.0
left_013549_rgb.png,0.0
left_013554_rgb.png,0.0
left_013562_rgb.png,0.5
left_013562_rgb.png,0.0
left_013572_rgb.png,0.0
left_013606_rgb.png,0.0
left_013616_rgb.png,0.5
left_013616_rgb.png,0.0
left_013631_rgb.png,0.0
left_013634_rgb.png,0.0
left_013637_rgb.png,0.0
left_013639_rgb.png,0.0
left_013641_rgb.png,0.0
left_013646_rgb.png,0.0
left_013657_rgb.png,0.0
left_013658_rgb.png,0.0
left_013678_rgb.png,0.0
left_013685_rgb.png,0.0
left_013687_rgb.png,0.0
left_013714_rgb.png,0.0
left_013716_rgb.png,0.0
left_013721_rgb.png,0.0
left_013731_rgb.png,0.0
left_013740_rgb.png,0.0
left_013742_rgb.png,0.0
left_013750_rgb.png,0.0
left_013753_rgb.png,0.0
left_013756_rgb.png,0.0
left_013759_rgb.png,0.0
left_013762_rgb.png,0.0
left_013764_rgb.png,0.0
left_013767_rgb.png,0.0
left_013770_rgb.png,0.0
left_013773_rgb.png,0.0
left_013776_rgb.png,0.0
left_013779_rgb.png,0.0
left_013782_rgb.png,0.0
left_013785_rgb.png,0.0
left_013788_rgb.png,0.0
left_013791_rgb.png,0.0
left_013794_rgb.png,0.0
left_013797_rgb.png,0.0
left_013800_rgb.png,0.0
left_013803_rgb.png,0.0
left_013806_rgb.png,0.0
left_013809_rgb.png,0.0
left_013812_rgb.png,0.0
left_013815_rgb.png,0.0
left_013818_rgb.png,0.0
left_013821_rgb.png,0.0
left_013824_rgb.png,0.0
left_013827_rgb.png,0.0
left_013833_rgb.png,0.0
left_013845_rgb.png,0.0
left_013846_rgb.png,0.0
left_013849_rgb.png,0.0
left_013850_rgb.png,0.0
left_013853_rgb.png,0.0
left_013855_rgb.png,0.0
left_013866_rgb.png,0.0
left_013867_rgb.png,0.0
left_013874_rgb.png,0.0
left_013875_rgb.png,0.0
left_013876_rgb.png,0.0
left_013879_rgb.png,0.0
left_013880_rgb.png,0.0
left_013882_rgb.png,0.0
left_013885_rgb.png,0.0
left_013887_rgb.png,0.0
left_013891_rgb.png,0.0
left_013895_rgb.png,0.0
left_013898_rgb.png,0.0
left_013901_rgb.png,0.0
left_013902_rgb.png,0.0
left_013906_rgb.png,0.0
left_013910_rgb.png,0.0
left_013920_rgb.png,0.0
left_013931_rgb.png,0.0
left_013932_rgb.png,0.0
left_013935_rgb.png,0.0
left_013938_rgb.png,0.0
left_013942_rgb.png,0.0
left_013946_rgb.png,0.0
left_013949_rgb.png,0.0
left_013950_rgb.png,0.0
left_013966_rgb.png,0.0
left_013967_rgb.png,0.0
left_013972_rgb.png,0.0
left_013974_rgb.png,0.0
left_013979_rgb.png,0.0
left_013984_rgb.png,0.0
left_013989_rgb.png,0.0
left_013991_rgb.png,0.0
left_013992_rgb.png,0.0
left_014000_rgb.png,0.0
left_014008_rgb.png,0.0
left_014034_rgb.png,0.5
left_014034_rgb.png,0.0
left_014035_rgb.png,0.5
left_014035_rgb.png,0.0
left_014036_rgb.png,0.5
left_014036_rgb.png,0.0
left_014045_rgb.png,0.5
left_014045_rgb.png,0.0
left_014049_rgb.png,0.5
left_014049_rgb.png,0.0
left_014083_rgb.png,0.0
left_014086_rgb.png,0.0
left_014092_rgb.png,0.0
left_014111_rgb.png,0.0
left_014116_rgb.png,0.0
left_014121_rgb.png,0.0
left_014133_rgb.png,0.0
left_014146_rgb.png,0.0
left_014158_rgb.png,0.0
left_014163_rgb.png,0.0
left_014172_rgb.png,0.0
left_014174_rgb.png,0.0
left_014178_rgb.png,0.0
left_014179_rgb.png,0.0
left_014183_rgb.png,0.0
left_014187_rgb.png,0.0
left_014188_rgb.png,0.0
left_014189_rgb.png,0.0
left_014194_rgb.png,0.0
left_014195_rgb.png,0.0
left_014198_rgb.png,0.0
left_014199_rgb.png,0.0
left_014206_rgb.png,0.0
left_014208_rgb.png,0.0
left_014209_rgb.png,0.0
left_014211_rgb.png,0.0
left_014217_rgb.png,0.0
left_014219_rgb.png,0.0
left_014221_rgb.png,0.0
left_014233_rgb.png,0.0
left_014235_rgb.png,0.0
left_014246_rgb.png,0.0
left_014248_rgb.png,0.0
left_014250_rgb.png,0.0
left_014258_rgb.png,0.0
left_014265_rgb.png,0.0
left_014304_rgb.png,0.0
left_014305_rgb.png,0.0
left_014327_rgb.png,0.0
left_014331_rgb.png,0.0
left_014353_rgb.png,0.0
left_014357_rgb.png,0.0
left_014368_rgb.png,1.0
left_014372_rgb.png,0.0
left_014376_rgb.png,0.0
left_014380_rgb.png,0.0
left_014384_rgb.png,0.0
left_014388_rgb.png,0.0
left_014399_rgb.png,0.0
left_014400_rgb.png,0.0
left_014403_rgb.png,0.0
left_014404_rgb.png,0.0
left_014405_rgb.png,0.0
left_014408_rgb.png,0.0
left_014411_rgb.png,0.0
left_014412_rgb.png,0.0
left_014415_rgb.png,0.0
left_014416_rgb.png,0.0
left_014427_rgb.png,0.0
left_014428_rgb.png,0.0
left_014431_rgb.png,0.0
left_014432_rgb.png,0.0
left_014435_rgb.png,0.0
left_014436_rgb.png,0.0
left_014439_rgb.png,0.0
left_014440_rgb.png,0.0
left_014443_rgb.png,0.0
left_014444_rgb.png,0.0
left_014447_rgb.png,0.0
left_014448_rgb.png,0.0
left_014451_rgb.png,0.0
left_014452_rgb.png,0.0
left_014455_rgb.png,0.0
left_014456_rgb.png,0.0
left_014460_rgb.png,0.0
left_014464_rgb.png,0.0
left_014475_rgb.png,0.0
left_014478_rgb.png,0.0
left_014512_rgb.png,0.0
left_014516_rgb.png,0.0
left_014520_rgb.png,0.0
left_014524_rgb.png,0.0
left_014528_rgb.png,0.0
left_014531_rgb.png,0.0
left_014532_rgb.png,0.0
left_014535_rgb.png,0.0
left_014536_rgb.png,0.0
left_014539_rgb.png,0.0
left_014540_rgb.png,0.0
left_014543_rgb.png,0.0
left_014544_rgb.png,0.0
left_014570_rgb.png,0.0
left_014571_rgb.png,0.0
left_014572_rgb.png,0.0
left_014573_rgb.png,0.0
left_014574_rgb.png,0.0
left_014575_rgb.png,0.0
left_014576_rgb.png,0.0
left_014577_rgb.png,0.0
left_014578_rgb.png,0.0
left_014583_rgb.png,0.0
left_014587_rgb.png,0.0
left_014591_rgb.png,0.0
left_014595_rgb.png,0.0
left_014599_rgb.png,0.0
left_014611_rgb.png,0.0
left_014626_rgb.png,0.0
left_014636_rgb.png,0.0
left_014639_rgb.png,0.0
left_014642_rgb.png,0.0
left_014647_rgb.png,0.0
left_014650_rgb.png,0.0
left_014654_rgb.png,0.0
left_014662_rgb.png,0.0
left_014670_rgb.png,0.0
left_014671_rgb.png,0.0
left_014686_rgb.png,0.0
left_014690_rgb.png,0.0
left_014694_rgb.png,0.0
left_014697_rgb.png,0.0
left_014700_rgb.png,0.0
left_014707_rgb.png,0.0
left_014709_rgb.png,0.0
left_014710_rgb.png,0.0
left_014711_rgb.png,0.0
left_014713_rgb.png,0.0
left_014714_rgb.png,0.0
left_014733_rgb.png,0.0
left_014736_rgb.png,0.0
left_014738_rgb.png,0.0
left_014743_rgb.png,0.0
left_014745_rgb.png,0.0
left_014748_rgb.png,0.0
left_014756_rgb.png,0.0
left_014759_rgb.png,0.0
left_014775_rgb.png,0.0
left_014819_rgb.png,0.0
left_014831_rgb.png,0.0
left_014844_rgb.png,0.0
left_014846_rgb.png,0.0
left_014849_rgb.png,0.0
left_014852_rgb.png,0.0
left_014856_rgb.png,0.0
left_014858_rgb.png,0.0
left_014867_rgb.png,0.0
left_014870_rgb.png,0.0
left_014871_rgb.png,0.0
left_014873_rgb.png,0.0
left_014876_rgb.png,0.0
left_014882_rgb.png,0.0
left_014883_rgb.png,0.0
left_014889_rgb.png,0.0
left_014893_rgb.png,0.0
left_014894_rgb.png,0.0
left_014902_rgb.png,0.0
left_014907_rgb.png,0.0
left_014908_rgb.png,0.0
left_014911_rgb.png,0.0
